"*04fkd*","527","Abalde, Alberto","","SF,Flx","0"
"*063e4*","528","Abass, Awudu","","PF,Flx","0"
"*031mi*","529","Abrines, lex","","SG,SF,Flx","0"
"*05qtm*","219","Achiuwa, Precious","NY","PF,C,Flx","4379527"
"*02ng1*","530","Acy, Quincy","PHO","SF,PF,Flx","0"
"*059ch*","531","Adams, Jalen","","PG,Flx","0"
"*04rvy*","532","Adams, Jaylen","","PG,Flx","0"
"*03e6q*","533","Adams, Jordan","","SG,Flx","0"
"*031lz*","534","Adams, Steven","MEM","C,Flx","12600000"
"*06238*","535","Adaway, Jalen","","SG,Flx","0"
"*04ewf*","85","Adebayo, Bam","MIA","C,Flx","32600060"
"*04vxy*","536","Adel, Deng","","C,Flx","0"
"*023tf*","537","Adrien, Jeff","","SF,PF,Flx","0"
"*0012t*","538","Afflalo, Arron","","SG,SF,Flx","0"
"*0621d*","200","Agbaji, Ochai","UTA","SG,Flx","4114200"
"*0011x*","539","Ager, Maurice","","SG,SF,Flx","0"
"*02wym*","540","Aguilar, Ronnie","","C,Flx","0"
"*005kr*","541","Ajinca, Alexis","","PF,C,Flx","0"
"*0050f*","542","Akindele, Deji","","C,Flx","0"
"*02wre*","543","Akognon, Josh","","PG,SG,Flx","0"
"*04uq3*","544","Akoon-Purcell, DeVaughn","","PG,Flx","0"
"*05uj4*","165","Aldama, Santi","MEM","PF,C,Flx","2194200"
"*02ngh*","545","Aldemir, Furkan","","PF,Flx","0"
"*01uyw*","546","Aldrich, Cole","","C,Flx","0"
"*0019g*","547","Aldridge, LaMarcus","","PF,Flx","0"
"*03acw*","548","Alexander, Cliff","","PF,Flx","0"
"*005kg*","549","Alexander, Joe","","SF,Flx","0"
"*052h3*","550","Alexander, Kyle","","PF,Flx","0"
"*05qvw*","551","Alexander, Ty-Shon","","SG,Flx","0"
"*051ox*","155","Alexander-Walker, Nickeil","MIN","SG,SF,Flx","4687500"
"*04lcd*","552","Alford, Bryce","","PG,Flx","0"
"*04sxx*","553","Alkins, Rawle","","SG,Flx","0"
"*04qry*","65","Allen, Grayson","PHO","SG,SF,Flx","8500000"
"*04ewm*","97","Allen, Jarrett","CLE","C,Flx","20000000"
"*04exg*","554","Allen, Kadeem","NY","SG,Flx","0"
"*027pz*","555","Allen, Lavoy","","PF,C,Flx","0"
"*059z0*","556","Allen, Marcus","","PG,Flx","0"
"*02x1h*","557","Allen, Ryan","","PG,SG,Flx","0"
"*06ho3*","558","Allen, Timmy","","SF,Flx","0"
"*00106*","559","Allen, Tony","","SG,SF,Flx","0"
"*0055a*","560","Allred, Lance","","C,Flx","0"
"*05wvw*","561","Alston, Derrick","","SG,SF,Flx","0"
"*05uul*","259","Alvarado, Jose","NO","PG,Flx","1836096"
"*01uyk*","562","Aminu, Al-Farouq","","SF,PF,Flx","0"
"*0018q*","563","Amundson, Louis","","PF,Flx","0"
"*02iuf*","564","Anderson, Alan","","SG,SF,Flx","0"
"*03wqs*","565","Anderson, Jake","","PG,Flx","0"
"*01uz5*","566","Anderson, James","","SG,SF,Flx","0"
"*03nwr*","567","Anderson, Justin","","SG,SF,Flx","0"
"*03aq3*","153","Anderson, Kyle","MIN","SF,PF,Flx","9219512"
"*005la*","568","Anderson, Ryan","","PF,C,Flx","0"
"*0480b*","569","Andrews, Andrew","","PG,Flx","0"
"*02gzy*","570","Andrews, Zach","","SF,PF,Flx","0"
"*04xgi*","571","Angola-Rodas, Braian","","SG,Flx","0"
"*04exa*","572","Anigbogu, Ike","","C,Flx","0"
"*031m2*","6","Antetokounmpo, Giannis","MIL","PF,C,Flx","45640084"
"*04qt0*","573","Antetokounmpo, Kostas","","PF,Flx","0"
"*03e7e*","434","Antetokounmpo, Thanasis","MIL","SF,Flx","2346614"
"*00129*","574","Anthony, Carmelo","","SF,Flx","0"
"*05qtl*","90","Anthony, Cole","ORL","PG,Flx","5539771"
"*0015v*","575","Anthony, Joel","","PF,C,Flx","0"
"*033l6*","576","Antic, Pero","","C,Flx","0"
"*04ewn*","62","Anunoby, OG","NY","SG,SF,Flx","18642857"
"*03kqq*","577","Appling, Keith","","PG,Flx","0"
"*043un*","483","Arcidiacono, Ryan","NY","PG,Flx","0"
"*001bw*","578","Arenas, Gilbert","","PG,Flx","0"
"*0014u*","579","Ariza, Trevor","","SG,SF,Flx","0"
"*065vb*","580","Arms, Adonis","","SF,PF,Flx","0"
"*0017f*","581","Armstrong, Hilton","","PF,C,Flx","0"
"*005km*","582","Arthur, Darrell","","PF,C,Flx","0"
"*04k0p*","583","Artis, Jamel","","SF,Flx","0"
"*03sgl*","584","Ashley, Brandon","","PF,Flx","0"
"*005lh*","585","Asik, Omer","","PF,C,Flx","0"
"*023zb*","586","Atchley, Connor","","PF,C,Flx","0"
"*00123*","587","Atkins, Chucky","","PG,Flx","0"
"*03whv*","588","Atkins, Darion","","PF,Flx","0"
"*03xmr*","589","Atkins, Eric","","PG,Flx","0"
"*06hin*","590","Audiege, Chase","WAS","PG,SG,Flx","0"
"*0483i*","591","Auguste, Zach","","PF,Flx","0"
"*005kh*","592","Augustin, D.J.","","PG,Flx","0"
"*0018e*","593","Augustine, James","","SF,PF,C,Flx","0"
"*04a9w*","594","Austin, Isaiah","","C,Flx","0"
"*05qtj*","77","Avdija, Deni","WAS","SF,PF,Flx","6263188"
"*048zw*","595","Avila, J.J.","","SF,Flx","0"
"*02x6j*","596","Awere, Cyril","","C,Flx","0"
"*05uur*","597","Ayayi, Joel","","SG,Flx","0"
"*02h3d*","598","Ayon, Gustavo","","PF,C,Flx","0"
"*01eoe*","599","Ayres, Jeff","","PF,C,Flx","0"
"*049kd*","195","Ayton, Deandre","POR","C,Flx","32459438"
"*05qu5*","416","Azubuike, Udoka","PHO","C,Flx","2174880"
"*059dn*","600","Baba, Yudai","","SF,Flx","0"
"*03wr5*","601","Bachynski, Jordan","","C,Flx","0"
"*04ex3*","602","Bacon, Dwayne","","SG,Flx","0"
"*065b6*","372","Badji, Ibou","POR","C,Flx","0"
"*049ki*","272","Bagley, Marvin","WAS","PF,C,Flx","12500000"
"*06cdb*","501","Bailey, Amari","CHA","PG,Flx","559780"
"*03e7c*","603","Bairstow, Cameron","","PF,C,Flx","0"
"*043ck*","604","Baker, Ron","","PG,SG,Flx","0"
"*048zq*","605","Bakumanya, Gracin","","C,Flx","0"
"*042nc*","606","Baldwin IV, Wade","","PG,Flx","0"
"*0621r*","412","Baldwin, Patrick","WAS","SF,Flx","2337720"
"*0017v*","607","Balkman, Renaldo","","SF,PF,Flx","0"
"*05qto*","145","Ball, LaMelo","CHA","PG,SG,Flx","10900635"
"*05qz3*","608","Ball, LiAngelo","","SG,Flx","0"
"*049ka*","609","Ball, Lonzo","CHI","PG,Flx","20465117"
"*05wql*","610","Ballock, Mitch","","SG,Flx","0"
"*0440z*","611","Balvin, Ondrej","","C,Flx","0"
"*049kf*","306","Bamba, Mo","PHI","C,Flx","2346614"
"*06210*","19","Banchero, Paolo","ORL","SF,PF,Flx","11608080"
"*05qt3*","18","Bane, Desmond","MEM","SG,SF,Flx","3845083"
"*05xo0*","612","Banks, James","","C,Flx","0"
"*05ujk*","387","Banton, Dalano","BOS","PG,Flx","2019706"
"*04804*","613","Barber, Anthony","","PG,Flx","0"
"*00194*","614","Barbosa, Leandro","","PG,SG,Flx","0"
"*0011y*","615","Barea, J.J.","","PG,SG,Flx","0"
"*04xhp*","616","Barford, Jaylen","","PG,Flx","0"
"*001ba*","617","Bargnani, Andrea","","PF,C,Flx","0"
"*0626t*","339","Barlow, Dominick","SA","SF,PF,C,Flx","1774999"
"*02nf7*","173","Barnes, Harrison","SAC","SF,PF,Flx","17000000"
"*00130*","618","Barnes, Matt","","SG,SF,Flx","0"
"*05uie*","1","Barnes, Scottie","TOR","SG,SF,PF,Flx","8008680"
"*04vy3*","619","Barnett, Jordan","","SF,Flx","0"
"*0050w*","620","Barrett, Andre","","PG,Flx","0"
"*051oj*","115","Barrett, RJ","TOR","SG,SF,Flx","23883929"
"*02ng4*","621","Barton, Will","","SG,Flx","14375000"
"*05ybb*","622","Bass, Paris","","SF,Flx","0"
"*05ujr*","319","Bassey, Charles","SA","C,Flx","2500000"
"*06cd3*","432","Bates, Emoni","CLE","SF,Flx","1100000"
"*04qso*","282","Bates-Diop, Keita","PHO","SF,PF,Flx","2346614"
"*0051b*","623","Batista, Esteban","","C,Flx","0"
"*059vt*","624","Battle, Tyus","","SG,Flx","0"
"*03ku0*","625","Batts, Kadeem","","PF,Flx","0"
"*005l0*","218","Batum, Nicolas","PHI","SF,PF,C,Flx","11710818"
"*06hfb*","626","Baugh, Damion","","SG,Flx","0"
"*05xp2*","627","Baxter, Troy","","SF,Flx","0"
"*005kj*","628","Bayless, Jerryd","","PG,SG,Flx","0"
"*02yf5*","629","Baynes, Aron","","C,Flx","0"
"*02qe4*","630","Bazemore, Kent","","SG,SF,Flx","2905851"
"*051p3*","631","Bazley, Darius","","PF,Flx","2165000"
"*04jw6*","632","Beachem, V.J.","","SF,Flx","0"
"*02nf3*","266","Beal, Bradley","PHO","SG,Flx","46741590"
"*065uu*","633","Bean, Justin","","SF,PF,Flx","0"
"*042ne*","120","Beasley, Malik","MIL","SG,Flx","2709849"
"*005kb*","634","Beasley, Michael","","SF,PF,Flx","0"
"*0621n*","292","Beauchamp, MarJon","MIL","SG,SF,Flx","2609400"
"*06he2*","635","Bediako, Charles","","C,Flx","0"
"*05ujj*","636","Begarin, Juhann","","PG,SG,Flx","0"
"*00138*","637","Belinelli, Marco","","SG,SF,Flx","0"
"*04ex1*","638","Bell, Jordan","","C,Flx","2528233"
"*042ng*","639","Bembry, DeAndre'","","SF,PF,Flx","0"
"*03xmu*","640","Bender, Dragan","GS","PF,C,Flx","0"
"*03kuc*","641","Benimon, Jerrelle","UTA","PF,Flx","0"
"*031lo*","642","Bennett, Anthony","","SF,PF,Flx","0"
"*042oa*","643","Bentil, Ben","DAL","SF,PF,Flx","0"
"*065vd*","512","Bernard, Jules","WAS","PG,SG,Flx","0"
"*04vu0*","644","Berry II, Joel","","PG,Flx","0"
"*04yvw*","645","Bertans, Dairis","","SG,Flx","0"
"*027pt*","410","Bertans, Davis","OKC","PF,Flx","17000000"
"*059fs*","646","Bess, Javon","","SG,Flx","0"
"*0622l*","647","Besson, Hugo","","PG,Flx","0"
"*01ens*","221","Beverley, Patrick","PHI","PG,Flx","3196448"
"*05qt0*","92","Bey, Saddiq","ATL","SF,PF,Flx","4556983"
"*05qss*","648","Bey, Tyler","","SF,Flx","0"
"*05xo5*","649","Bezhanishvili, Giorgi","","PF,Flx","0"
"*03iy1*","650","Bhullar, Sim","SAC","C,Flx","0"
"*04xif*","651","Bibbs, Justin","","SG,Flx","0"
"*0019n*","652","Bibby, Mike","","PG,Flx","0"
"*06cdi*","653","Biberovic, Tarik","","SF,Flx","0"
"*00132*","654","Biedrins, Andris","","C,Flx","0"
"*059ci*","655","Bigby-Williams, Kavell","","C,Flx","0"
"*02h04*","656","Biggs, Tyrell","","SF,PF,Flx","0"
"*065h6*","657","Bingham, Marcus","","SF,PF,Flx","0"
"*03kdj*","658","Birch, Khem","","C,Flx","6985000"
"*04exj*","659","Bird, Jabari","","SG,Flx","0"
"*051oy*","138","Bitadze, Goga","ORL","C,Flx","2066585"
"*06dq7*","522","Bitim, Onuralp","CHI","SG,Flx","0"
"*027oq*","228","Biyombo, Bismack","","C,Flx","2905851"
"*01uz9*","660","Bjelica, Nemanja","","PF,Flx","0"
"*06cc5*","235","Black, Anthony","ORL","PG,Flx","7245480"
"*06dob*","438","Black, Leaky","CHA","SF,PF,Flx","752855"
"*03jr4*","661","Black, Tarik","","PF,C,Flx","0"
"*04fke*","662","Blackmon Jr., James","","SG,Flx","0"
"*023z2*","663","Blakely, Marqus","","SF,Flx","0"
"*04ggl*","664","Blakeney, Antonio","","PG,Flx","0"
"*01uyx*","665","Bledsoe, Eric","","PG,Flx","0"
"*059q8*","666","Blevins, Keljin","","SG,Flx","0"
"*04exm*","667","Blossomgame, Jaron","","SF,Flx","0"
"*0393h*","668","Blue, Vander","","PG,Flx","0"
"*04sax*","669","Bluiett, Trevon","","PG,SG,Flx","0"
"*059y5*","670","Boatwright, Bennie","","PF,Flx","0"
"*062d2*","671","Boeheim, Buddy","","PG,SF,Flx","0"
"*03e6u*","48","Bogdanovic, Bogdan","ATL","SG,SF,Flx","18700000"
"*027pg*","216","Bogdanovic, Bojan","DET","SF,PF,Flx","20000000"
"*00166*","672","Bogut, Andrew","","C,Flx","0"
"*051po*","394","Bol, Bol","PHO","PF,C,Flx","2165000"
"*04ewz*","673","Bolden, Jonah","PHO","PF,Flx","0"
"*059q2*","518","Bolden, Marques","","C,Flx","2019706"
"*05qsw*","674","Bolmaro, Leandro","","SG,Flx","2471160"
"*042ob*","675","Bolomboy, Joel","","PF,Flx","0"
"*04xmx*","676","Bond, Tim","","SG,Flx","0"
"*051q1*","677","Bone, Jordan","","PG,Flx","0"
"*04qsg*","678","Bonga, Isaac","","SG,Flx","0"
"*001ad*","679","Bonner, Matt","","PF,C,Flx","0"
"*03zl3*","680","Booker, Askia","","SG,Flx","0"
"*03nwm*","67","Booker, Devin","PHO","PG,SG,SF,Flx","36016200"
"*01uys*","681","Booker, Trevor","","PF,C,Flx","0"
"*059gh*","682","Booth, Phil","","PG,Flx","0"
"*001bi*","683","Boozer, Carlos","","PF,C,Flx","0"
"*001b3*","684","Bosh, Chris","","PF,C,Flx","0"
"*05ujp*","433","Boston, BJ","LAC","SG,Flx","1836096"
"*04fj8*","242","Boucher, Chris","TOR","SF,PF,Flx","11750000"
"*05uil*","419","Bouknight, James","CHA","SG,Flx","4570080"
"*06exl*","685","Boum, Souley","","PG,Flx","1119563"
"*0623l*","460","Bouyea, Jamaree","","PG,Flx","0"
"*05qyz*","686","Bowden, Jordan","","SG,Flx","0"
"*059ce*","687","Bowen, Brian","","SG,SF,Flx","0"
"*00177*","688","Bowen, Ryan","","SF,Flx","0"
"*059fx*","689","Bowman, Ky","","PG,Flx","0"
"*01uyd*","690","Bradley, Avery","","SG,Flx","0"
"*04ews*","691","Bradley, Tony","","C,Flx","2036318"
"*0621j*","226","Branham, Malaki","SA","PG,SG,SF,Flx","3071880"
"*051pu*","692","Brantley, Jarrell","","PF,Flx","0"
"*0621k*","199","Braun, Christian","DEN","SG,SF,Flx","2949120"
"*051pr*","693","Brazdeikis, Ignas","ORL","SF,Flx","0"
"*0016o*","694","Brewer, Corey","","SG,SF,Flx","0"
"*05l9e*","695","Brewer, Corey","SAC","PG,Flx","0"
"*001bn*","696","Brewer, Ronnie","","SG,SF,Flx","0"
"*04qrn*","40","Bridges, Mikal","BKN","SG,SF,PF,Flx","21700000"
"*04qrp*","106","Bridges, Miles","CHA","SF,PF,Flx","7921300"
"*04lbx*","697","Brimah, Amida","","C,Flx","0"
"*04l1o*","698","Briscoe, Isaiah","","PG,Flx","0"
"*059ca*","327","Brissett, Oshae","BOS","SF,Flx","2165000"
"*064s9*","699","Brockington, Izaiah","","PG,SG,Flx","0"
"*04tk0*","700","Broekhoff, Ryan","","SG,SF,Flx","0"
"*042nw*","147","Brogdon, Malcolm","POR","PG,SG,Flx","22500000"
"*058n6*","409","Brooks, Armoni","","PG,Flx","0"
"*04ex8*","186","Brooks, Dillon","HOU","SG,SF,Flx","22627671"
"*0666f*","701","Brooks, Eli","","PG,SG,Flx","0"
"*065us*","702","Brooks, Garrison","","SF,PF,Flx","0"
"*027pa*","703","Brooks, MarShon","","SG,SF,Flx","0"
"*059vu*","704","Brown Jr., Barry","","PG,Flx","0"
"*03e7d*","705","Brown, Alec","","C,Flx","0"
"*03r7o*","706","Brown, Anthony","","SF,Flx","0"
"*00qrq*","707","Brown, Bobby","","PG,SG,Flx","0"
"*04qsj*","149","Brown, Bruce","TOR","PG,SG,SF,Flx","22000000"
"*059g4*","708","Brown, Bryce","","PG,SG,Flx","0"
"*059cd*","507","Brown, Charlie","NY","SG,SF,Flx","0"
"*05uut*","709","Brown, Chaundee","","SG,Flx","0"
"*063cz*","710","Brown, Gabe","","SF,PF,Flx","0"
"*05ujh*","440","Brown, Greg","DAL","PF,Flx","2019706"
"*03kqr*","711","Brown, Jabari","","SG,Flx","0"
"*03lls*","32","Brown, Jaylen","BOS","SG,SF,Flx","28508929"
"*0622b*","493","Brown, Kendall","IND","SG,Flx","508891"
"*06ca2*","363","Brown, Kobe","LAC","PF,Flx","2413320"
"*031n2*","712","Brown, Lorenzo","","PG,Flx","0"
"*03e78*","713","Brown, Markel","","SG,Flx","0"
"*0598b*","413","Brown, Moses","POR","C,Flx","2165000"
"*0011j*","714","Brown, Shannon","","SG,Flx","0"
"*04ex9*","715","Brown, Sterling","","SG,Flx","3000000"
"*0666e*","716","Brown, Tevin","","PG,SG,Flx","0"
"*04qrs*","303","Brown, Troy","MIN","SF,PF,Flx","4000000"
"*0393r*","717","Brownlee, Justin","","PF,Flx","0"
"*04qsa*","28","Brunson, Jalen","NY","PG,Flx","26346666"
"*043vz*","718","Brussino, Nicolas","","SG,SF,Flx","0"
"*05s01*","719","Bryant, Elijah","","SG,SF,Flx","0"
"*04ex5*","346","Bryant, Thomas","MIA","C,Flx","2528233"
"*05r0f*","720","Buchanan, Shaq","","PG,Flx","0"
"*06ca4*","515","Bufkin, Kobe","ATL","SG,Flx","4094280"
"*031mc*","398","Bullock, Reggie","HOU","SF,PF,Flx","10489600"
"*031lw*","721","Burke, Trey","","PG,Flx","0"
"*027ov*","207","Burks, Alec","DET","SG,Flx","10489600"
"*05xok*","722","Burns, Jordan","","PG,Flx","0"
"*03kt8*","723","Burton, Deonte","","PG,Flx","0"
"*04rvx*","724","Burton, Deonte","","SG,SF,Flx","2092354"
"*05uje*","357","Butler, Jared","WAS","SG,Flx","1563518"
"*027pe*","159","Butler, Jimmy","MIA","SF,PF,Flx","45183960"
"*065vc*","725","Butler, John","","C,Flx","0"
"*02h01*","726","Buycks, Dwight","","PG,Flx","0"
"*03e6o*","727","Caboclo, Bruno","","SF,PF,Flx","0"
"*059cc*","728","Cacok, Devontae","","PF,Flx","0"
"*0051u*","729","Cage, Justin","","SF,PF,Flx","0"
"*0661b*","368","Cain, Jamal","MIA","SF,Flx","0"
"*001b9*","730","Calderon, Jose","","PG,Flx","0"
"*031lv*","93","Caldwell-Pope, Kentavious","DEN","PG,SG,Flx","14704938"
"*059q9*","731","Callandret, Perrion","","PG,Flx","0"
"*06cd4*","162","Camara, Toumani","POR","PF,Flx","1119563"
"*00120*","732","Camby, Marcus","","PF,C,Flx","0"
"*05qv8*","733","Campazzo, Facundo","","PG,Flx","1836090"
"*031mk*","734","Canaan, Isaiah","MIL","PG,Flx","0"
"*04exc*","735","Cancar, Vlatko","DEN","PF,Flx","2234359"
"*0051e*","736","Caner-Medley, Nik","","SF,PF,Flx","0"
"*059vy*","737","Cannady, Devin","","PG,Flx","1752638"
"*03e6s*","118","Capela, Clint","ATL","C,Flx","20616000"
"*01uzj*","738","Caracter, Derrick","","PF,Flx","0"
"*05qtn*","739","Carey, Vernon","","C,Flx","1782621"
"*052u4*","740","Caroline, Jordan","","SF,Flx","0"
"*04xl5*","741","Carr, Phillip","","PF,Flx","0"
"*04qsr*","742","Carr, Tony","","PG,Flx","0"
"*01enq*","743","Carroll, DeMarre","","SF,PF,Flx","0"
"*04vu1*","744","Carroll, Jeffrey","","SG,Flx","0"
"*0010i*","745","Carroll, Matt","","SG,SF,Flx","0"
"*043cm*","746","Carter Jr., Robert","","PF,Flx","0"
"*04qs9*","255","Carter, Jevon","CHI","PG,Flx","6190476"
"*03x59*","747","Carter, Sampson","","PF,Flx","0"
"*023z7*","748","Carter, Tweety","","PG,Flx","0"
"*0016s*","749","Carter, Vince","","SG,SF,Flx","0"
"*01ng9*","750","Carter, Warren","","SF,PF,Flx","0"
"*04qrl*","304","Carter, Wendell","ORL","C,Flx","13050000"
"*031ly*","751","Carter-Williams, Michael","","PG,Flx","0"
"*05wvx*","752","Carton, D.J.","","PG,SG,Flx","0"
"*0496e*","80","Caruso, Alex","CHI","PG,SG,Flx","9460000"
"*03wlh*","753","Casey, Kyle","","PF,Flx","0"
"*01eoi*","754","Casspi, Omri","","SF,PF,Flx","0"
"*06cp2*","461","Castleton, Colin","LAL","C,Flx","559780"
"*03apz*","755","Cauley-Stein, Willie","","C,Flx","0"
"*04kjg*","756","Caupain, Troy","","SG,Flx","0"
"*04kpp*","757","Cavanaugh, Tyler","","PF,C,Flx","0"
"*05qzv*","758","Caver, Ahmad","","PG,Flx","0"
"*06cnb*","523","Cazalon, Malcolm","DET","SG,Flx","0"
"*005kn*","759","Chalmers, Mario","","PG,SG,Flx","0"
"*062dn*","251","Champagnie, Julian","SA","SF,Flx","3000000"
"*05uud*","760","Champagnie, Justin","","SF,Flx","1927896"
"*06221*","761","Chandler, Kennedy","","PG,Flx","1200000"
"*00179*","762","Chandler, Tyson","","C,Flx","0"
"*0017y*","763","Chandler, Wilson","","SF,PF,Flx","0"
"*004zn*","764","Chase, Brian","","PG,SG,Flx","0"
"*04xhq*","765","Chealey, Joe","","PG,Flx","0"
"*0554x*","766","Cheatham, Zylan","","SF,Flx","0"
"*0051n*","767","Chenowith, Eric","","C,Flx","0"
"*03h91*","768","Cherry, Will","","PG,Flx","0"
"*05qzi*","769","Childs, Yoeli","","SF,Flx","0"
"*04xgm*","770","Chiozza, Chris","","PG,Flx","0"
"*042n5*","771","Chriss, Marquese","","PF,Flx","2193920"
"*0621y*","280","Christie, Max","LAL","SG,SF,Flx","1719864"
"*03r7q*","772","Christmas, Rakeem","","PF,Flx","0"
"*05uiy*","773","Christopher, Josh","","SG,Flx","2485200"
"*0390d*","774","Christopher, Patrick","","SG,Flx","0"
"*06cel*","463","Cissoko, Sidy","SA","SF,Flx","1119563"
"*04ug6*","775","Clark, Gary","","SF,Flx","0"
"*033h9*","776","Clark, Ian","","PG,SG,Flx","0"
"*06cd9*","777","Clark, Jaylen","MIN","SG,Flx","0"
"*06hsm*","778","Clark, Kihei","","PG,Flx","0"
"*051p1*","779","Clarke, Brandon","MEM","PF,Flx","12500000"
"*03woy*","780","Clarke, Coty","BOS","SF,Flx","0"
"*03byk*","134","Clarkson, Jordan","UTA","SG,SF,Flx","23487629"
"*04hot*","781","Clavell, Gian","","PG,Flx","0"
"*01eod*","782","Claver, Victor","","SG,SF,Flx","0"
"*051pb*","133","Claxton, Nicolas","BKN","C,Flx","8750000"
"*000zm*","783","Claxton, Speedy","","PG,Flx","0"
"*0570u*","784","Clemons, Chris","","PG,SG,Flx","0"
"*04laz*","785","Cleveland, Antonius","","SG,Flx","0"
"*06ccd*","478","Clowney, Noah","BKN","PF,Flx","3089520"
"*059g0*","333","Coffey, Amir","LAC","SG,Flx","3666667"
"*027pd*","786","Cole, Norris","","PG,SG,Flx","0"
"*05xac*","787","Coleman, Matt","","PG,Flx","0"
"*04ewk*","99","Collins, John","UTA","PF,C,Flx","25340000"
"*06ho6*","788","Collins, Yuri","","PG,Flx","0"
"*04ewc*","146","Collins, Zach","SA","PF,C,Flx","7700000"
"*044ia*","789","Collinsworth, Kyle","","SG,Flx","0"
"*01eo2*","790","Collison, Darren","LAL","PG,SG,Flx","0"
"*04xhu*","791","Colson, Bonzie","","SF,Flx","0"
"*06aw1*","792","Comanche, Chance","","C,Flx","1801769"
"*06giy*","793","Conditt, George","","PF,Flx","1119563"
"*0015e*","64","Conley, Mike","MIN","PG,Flx","24360000"
"*03r7v*","234","Connaughton, Pat","MIL","SG,SF,Flx","9423869"
"*00523*","794","Conroy, Will","","PG,SG,Flx","0"
"*0484m*","795","Cook, Elgin","","SF,Flx","0"
"*05qzl*","796","Cook, Keandre","","SG,Flx","0"
"*03xh1*","797","Cook, Quinn","","PG,Flx","0"
"*057ot*","798","Cook, Tyler","","PF,Flx","0"
"*048zr*","799","Cooke Jr., Derek","","PF,Flx","0"
"*04is9*","800","Cooke, Charles","MIA","SG,Flx","0"
"*06fzs*","801","Cooke, Javonte","","SG,Flx","0"
"*06ajv*","802","Cooks, Xavier","","PF,Flx","1719864"
"*03j8m*","803","Cooley, Jack","","PF,C,Flx","0"
"*05ujm*","804","Cooper, Sharife","","PG,Flx","0"
"*02oiz*","805","Copeland, Chris","","SF,PF,Flx","0"
"*042oc*","806","Cornelie, Petr","DEN","PF,Flx","0"
"*04838*","807","Costello, Matt","","PF,Flx","0"
"*03i9w*","808","Cotton, Bryce","","PG,Flx","0"
"*06cc1*","132","Coulibaly, Bilal","WAS","SG,SF,Flx","6614280"
"*06ceg*","524","Council, Ricky","PHI","SG,Flx","0"
"*023tq*","809","Cousin, Marcus","","C,Flx","0"
"*01uz3*","810","Cousins, DeMarcus","","C,Flx","0"
"*042oi*","811","Cousins, Isaiah","","SG,Flx","0"
"*049lf*","812","Cousins, Jaleel","","C,Flx","0"
"*038xi*","238","Covington, Robert","PHI","SF,PF,Flx","11692308"
"*031mh*","813","Crabbe, Allen","","SG,SF,Flx","0"
"*03jvr*","814","Craft, Aaron","","PG,Flx","0"
"*04jw5*","262","Craig, Torrey","CHI","SF,PF,Flx","2528233"
"*03ktw*","815","Crawford, Chris","","SG,Flx","0"
"*03ku1*","816","Crawford, Drew","","SG,Flx","0"
"*0017n*","817","Crawford, Jamal","","SG,SF,Flx","0"
"*01uyu*","818","Crawford, Jordan","","PG,SG,Flx","0"
"*04xjp*","819","Creek, Mitch","","SG,Flx","0"
"*02nfy*","340","Crowder, Jae","MIL","SF,PF,Flx","3196448"
"*05xni*","820","Crutcher, Jalen","","PG,Flx","0"
"*05xp3*","821","Culver, Derek","","C,Flx","0"
"*051om*","822","Culver, Jarrett","","SG,Flx","508891"
"*05ya0*","823","Cumberland, Jarron","","SG,Flx","0"
"*03woc*","824","Cummings, Will","","PG,Flx","0"
"*05uib*","46","Cunningham, Cade","DET","PG,SG,Flx","11055360"
"*01eof*","825","Cunningham, Dante","","SF,PF,Flx","0"
"*02nfo*","826","Cunningham, Jared","","PG,SG,Flx","0"
"*0017p*","827","Curry, Eddy","","C,Flx","0"
"*00113*","828","Curry, JamesOn","","PG,SG,Flx","0"
"*038ia*","302","Curry, Seth","DAL","SG,Flx","4000000"
"*01enh*","31","Curry, Stephen","GS","PG,Flx","51915615"
"*0392h*","829","Czyz, Olek","","SF,Flx","0"
"*0018j*","830","Dalembert, Samuel","","C,Flx","0"
"*0625f*","831","Daniels - DUP, Dyson - DUP","","PG,SG,Flx","0"
"*06cen*","832","Daniels, Caleb","","SG,Flx","0"
"*06217*","135","Daniels, Dyson","NO","PG,SG,Flx","5784120"
"*0393p*","833","Daniels, Troy","","PG,SG,Flx","0"
"*05qyr*","834","Darling, Nate","","SG,Flx","0"
"*032c7*","835","Datome, Luigi","","SG,SF,Flx","0"
"*038i9*","836","Davies, Brandon","","PF,Flx","0"
"*02nf1*","9","Davis, Anthony","LAL","PF,C,Flx","40600080"
"*06hf9*","837","Davis, Antoine","","PG,Flx","0"
"*0012z*","838","Davis, Baron","","PG,Flx","0"
"*042ns*","839","Davis, Deyonta","","PF,Flx","0"
"*01uz6*","840","Davis, Ed","","PF,Flx","0"
"*0010a*","841","Davis, Glen","","PF,C,Flx","0"
"*06219*","406","Davis, Johnny","WAS","SG,Flx","5050800"
"*059u3*","842","Davis, Jon","","PG,Flx","0"
"*015y2*","843","Davis, Josh","","PF,Flx","0"
"*06hdx*","844","Davis, Kendric","","PG,Flx","1119563"
"*0014j*","845","Davis, Paul","","PF,C,Flx","0"
"*0015l*","846","Davis, Ricky","","SG,SF,Flx","0"
"*056aq*","847","Davis, Terence","","SG,Flx","4000000"
"*04vxz*","848","Davis, Tyler","","C,Flx","0"
"*0622g*","513","Davison, JD","BOS","PG,Flx","0"
"*03kqm*","849","Dawkins, Andre","BOS","SG,Flx","0"
"*059cj*","850","Dawkins, Aubrey","","SG,Flx","0"
"*03r89*","851","Dawson, Branden","","SF,PF,Flx","0"
"*0483k*","852","Dawson, Shawn","","SF,Flx","0"
"*062sp*","853","Days, Darius","","PF,Flx","508891"
"*05qys*","854","DeLaurier, Javin","","PF,C,Flx","0"
"*01eon*","35","DeRozan, DeMar","CHI","SG,SF,PF,Flx","28600000"
"*0051q*","855","Deane, Willie","","PG,SG,Flx","0"
"*05rk9*","856","Deck, Gabriel","","SF,PF,Flx","0"
"*038xl*","857","Dedmon, Dewayne","","C,Flx","0"
"*03ulp*","858","Dejean-Jones, Bryce","NO","PG,SG,Flx","0"
"*03byi*","859","Dekker, Sam","","SF,PF,Flx","0"
"*041f9*","860","Delaney, Malcolm","","PG,SG,Flx","0"
"*001b5*","861","Delfino, Carlos","","SG,SF,Flx","0"
"*04xhx*","862","Delgado, Angel","","C,Flx","0"
"*038og*","863","Dellavedova, Matthew","","PG,Flx","2628597"
"*06666*","864","Demers, Eric","","PG,SG,Flx","0"
"*04z79*","865","Demps, Cody","SAC","SG,Flx","0"
"*0010v*","866","Deng, Luol","","SF,PF,Flx","0"
"*06eo4*","446","Dennis, Dexter","","SG,Flx","0"
"*023z1*","867","Dennis, Stephen","","PG,Flx","0"
"*02gxl*","868","Dentmon, Justin","","PG,Flx","0"
"*04vy0*","869","Derrickson, Marcus","","PF,Flx","0"
"*0623b*","870","Devoe, Michael","","SG,Flx","0"
"*04qru*","68","DiVincenzo, Donte","NY","SG,Flx","10900000"
"*06226*","426","Diabate, Moussa","LAC","PF,Flx","0"
"*05qvv*","475","Diakite, Mamadi","SA","PF,Flx","0"
"*03llu*","871","Diallo, Cheick","","PF,C,Flx","2346614"
"*049sa*","485","Diallo, Hamidou","WAS","SG,Flx","5200000"
"*05qz6*","872","Diane, Lamine","","SF,PF,Flx","0"
"*00193*","873","Diaw, Boris","","PF,C,Flx","0"
"*0014k*","874","Diaz, Guillermo","","PG,SG,Flx","0"
"*06cc2*","358","Dick, Gradey","TOR","SG,Flx","4536720"
"*031m8*","875","Dieng, Gorgui","","C,Flx","2641682"
"*0621a*","355","Dieng, Ousmane","OKC","SF,PF,C,Flx","4798440"
"*03e74*","75","Dinwiddie, Spencer","BKN","PG,SG,Flx","18857143"
"*0013y*","876","Diogu, Ike","","PF,C,Flx","0"
"*0011s*","877","Diop, DeSagana","","C,Flx","0"
"*06222*","878","Diop, Khalifa","","C,Flx","0"
"*04lhx*","879","Dixon, Daniel","","SG,Flx","0"
"*001b2*","880","Dixon, Juan","","PG,SG,Flx","0"
"*04kj6*","2","Doncic, Luka","DAL","PG,Flx","40064220"
"*005lg*","881","Dorsey, Joey","","PF,C,Flx","0"
"*04ex4*","882","Dorsey, Tyler","","PG,SG,Flx","0"
"*0527l*","95","Dort, Luguentz","OKC","SG,SF,Flx","15277778"
"*05ujc*","178","Dosunmu, Ayo","CHI","PG,SG,Flx","6481482"
"*04ex7*","883","Dotson, Damyean","","SG,Flx","0"
"*05qsu*","884","Dotson, Devon","","PG,SG,Flx","0"
"*0019y*","885","Douby, Quincy","","PG,SG,Flx","0"
"*01eo5*","886","Douglas, Toney","","PG,SG,Flx","0"
"*005lb*","887","Douglas-Roberts, Chris","","SG,SF,Flx","0"
"*051ov*","888","Doumbouya, Sekou","","SF,PF,Flx","0"
"*0051s*","889","Douthit, Marcus","","C,Flx","0"
"*05wkd*","890","Dowtin, Jeff","","PG,Flx","2019706"
"*04idm*","891","Doyle, Milton","","PG,Flx","0"
"*04ik2*","892","Dozier, PJ","","SG,Flx","0"
"*01ent*","893","Dozier, Robert","","SF,PF,Flx","0"
"*005lm*","894","Dragic, Goran","","PG,Flx","2905851"
"*06gnm*","895","Drell, Henri","CHI","SF,Flx","0"
"*038xh*","896","Drew II, Larry","NO","PG,Flx","0"
"*02nf9*","140","Drummond, Andre","CHI","C,Flx","3360000"
"*05uin*","299","Duarte, Chris","SAC","SG,SF,Flx","4124400"
"*0010o*","897","Dudley, Jared","","PF,Flx","0"
"*0010x*","898","Duhon, Chris","","PG,Flx","0"
"*03sdf*","899","Dukan, Duje","","SF,Flx","0"
"*05wvu*","900","Duke, David","SA","SG,Flx","2019706"
"*049pk*","901","Dunham, Kellen","","SG,Flx","0"
"*0013u*","902","Dunleavy, Mike","","SG,SF,Flx","0"
"*042n2*","198","Dunn, Kris","UTA","PG,Flx","2586484"
"*0012n*","903","Dupree, Ronald","","SF,Flx","0"
"*001aw*","27","Durant, Kevin","PHO","SF,PF,Flx","46407433"
"*0621c*","181","Duren, Jalen","DET","C,Flx","4330680"
"*064s8*","904","Duruji, Anthony","","SF,PF,Flx","0"
"*049kg*","905","Duval, Trevon","","PG,Flx","0"
"*03e70*","906","Early, Cleanthony","","SF,Flx","0"
"*0621g*","215","Eason, Tari","HOU","SF,PF,Flx","3527160"
"*01uzb*","907","Ebanks, Devin","","SG,SF,Flx","0"
"*05qxu*","908","Eboua, Paul","","SF,PF,Flx","0"
"*05uxy*","909","Echenique, Jaime","","C,Flx","0"
"*03ku7*","910","Eddie, Jarell","CHI","SG,Flx","0"
"*05qug*","10","Edwards, Anthony","MIN","SG,SF,Flx","13534817"
"*051pd*","911","Edwards, Carsen","DET","SG,Flx","0"
"*0050d*","912","Edwards, John","","C,Flx","0"
"*05uji*","402","Edwards, Kessler","SAC","SF,Flx","1927896"
"*065b7*","913","Edwards, Kyler","","PG,SG,Flx","1119563"
"*05xcl*","914","Edwards, Rob","","SG,Flx","0"
"*023th*","915","Edwards, Shane","","SF,Flx","0"
"*04qss*","916","Edwards, Vincent","","SF,Flx","0"
"*059g6*","917","Egbunu, John","","C,Flx","0"
"*023z5*","918","Eglseder, Jordan","","C,Flx","0"
"*03wow*","919","Egwu, Nnanna","","C,Flx","0"
"*02gxm*","920","Ehambe, Moses","","SG,SF,Flx","0"
"*03hz0*","921","Ejim, Melvin","","SF,PF,Flx","0"
"*05quc*","922","Elleby, CJ","","SF,Flx","1836090"
"*042nd*","923","Ellenson, Henry","TOR","PF,Flx","0"
"*01eny*","924","Ellington, Wayne","","SG,Flx","0"
"*0050p*","925","Ellis, Chris","","SF,PF,Flx","0"
"*0623m*","296","Ellis, Keon","SAC","SG,Flx","0"
"*00133*","926","Ellis, Monta","","PG,SG,Flx","0"
"*048yi*","927","Ellis, Perry","","PF,Flx","0"
"*05y9z*","928","Ellison, Malik","","PG,SG,SF,PF,Flx","0"
"*0017a*","929","Ely, Melvin","","PF,C,Flx","0"
"*03al2*","24","Embiid, Joel","PHI","C,Flx","47607350"
"*015ri*","930","Emmett, Andre","","SG,Flx","0"
"*02ng8*","931","English, Kim","","PG,SG,Flx","0"
"*031n0*","932","Ennis, James","","SF,Flx","0"
"*03byh*","933","Ennis, Tyler","","PG,Flx","0"
"*02t0z*","934","Eric, Micheal","","PF,C,Flx","0"
"*062do*","935","Etienne, Tyson","","PG,SG,Flx","0"
"*04xdu*","244","Eubanks, Drew","PHO","C,Flx","2346614"
"*04qs5*","936","Evans, Jacob","","SG,Flx","0"
"*04ex2*","937","Evans, Jawun","","PG,Flx","0"
"*01uzv*","938","Evans, Jeremy","","SF,PF,Flx","0"
"*04xie*","939","Evans, Keenan","DET","PG,Flx","0"
"*00186*","940","Evans, Maurice","","SG,SF,Flx","0"
"*0018k*","941","Evans, Reggie","","PF,C,Flx","0"
"*01eoh*","942","Evans, Tyreke","","PG,SG,Flx","0"
"*06hfc*","943","Evbuomwan, Tosan","","SF,Flx","0"
"*005lk*","944","Ewing Jr., Patrick","","SF,Flx","0"
"*03acx*","237","Exum, Dante","DAL","PG,SG,Flx","3000000"
"*01en9*","945","Eyenga, Christian","","SF,Flx","0"
"*02nfu*","946","Ezeli, Festus","","C,Flx","0"
"*03jxp*","947","Fair, C.J.","","PF,Flx","0"
"*0558u*","948","Fall, Tacko","","C,Flx","0"
"*02gup*","949","Famous, Jarrid","","PF,C,Flx","0"
"*027p7*","950","Faried, Kenneth","","PF,C,Flx","0"
"*0014y*","951","Farmar, Jordan","","PG,Flx","0"
"*032qk*","952","Faverani, Vitor","","C,Flx","0"
"*01uyt*","953","Favors, Derrick","","PF,C,Flx","10183800"
"*042od*","954","Felder, Kay","","PG,Flx","0"
"*03rxn*","955","Felicio, Cristiano","","C,Flx","0"
"*031mj*","956","Felix, Carrick","","SG,SF,Flx","0"
"*0393t*","957","Fells, Courtney","","SG,Flx","0"
"*0010k*","958","Felton, Raymond","","PG,SG,Flx","0"
"*04ewl*","959","Ferguson, Terrance","","SG,SF,Flx","0"
"*049le*","960","Fernandez, Vashil","","C,Flx","0"
"*051pe*","411","Fernando, Bruno","ATL","C,Flx","2581522"
"*0483a*","961","Ferrell, Yogi","","PG,SG,Flx","0"
"*001bq*","962","Fesenko, Kyrylo","","C,Flx","0"
"*01nak*","963","Fey, Michael","","C,Flx","0"
"*0050b*","964","Ffriend, Kimani","","C,Flx","0"
"*0440u*","965","Fields, Brandon","","SG,Flx","0"
"*01uze*","966","Fields, Landry","","SG,SF,Flx","0"
"*05xoj*","967","Figueroa, L.J.","","PG,SG,SF,PF,Flx","0"
"*043ib*","129","Finney-Smith, Dorian","BKN","SF,PF,C,Flx","13394160"
"*0051j*","968","Fitch, Gerald","","PG,SG,Flx","0"
"*05qzg*","969","Fitts, Malik","LAC","PF,Flx","0"
"*06hrn*","970","Flagler, Adam","","SG,Flx","0"
"*059wt*","971","Flatten, Skyler","","SG,Flx","0"
"*02gum*","972","Flowers, Gary","","SF,PF,Flx","0"
"*01enx*","973","Flynn, Jonny","","PG,Flx","0"
"*05qsn*","263","Flynn, Malachi","NY","PG,Flx","3873025"
"*02wy0*","974","Fogg, Kyle","","PG,SG,Flx","0"
"*062pk*","156","Fontecchio, Simone","UTA","SF,Flx","3044872"
"*04847*","975","Forbes, Bryn","","SG,Flx","2298385"
"*023ti*","976","Forbes, Gary","","SG,SF,Flx","0"
"*05y7a*","977","Ford, Aleem","","SF,Flx","0"
"*05qzf*","479","Ford, Jordan","SAC","PG,Flx","559780"
"*0480a*","978","Ford, Quincy","","SF,Flx","0"
"*05qu7*","391","Forrest, Trent","ATL","PG,Flx","508891"
"*02h2h*","979","Fortson, Courtney","","PG,SG,Flx","0"
"*05xob*","980","Foster, Marcus","","SG,Flx","0"
"*0623g*","981","Foster, Michael","","SF,PF,Flx","508891"
"*02nfk*","450","Fournier, Evan","NY","SG,Flx","18857143"
"*049kb*","16","Fox, De'Aaron","SAC","PG,Flx","32600060"
"*0016m*","982","Foye, Randy","","PG,SG,Flx","0"
"*0014e*","983","Frahm, Richie","","SG,Flx","0"
"*06hdw*","984","Franklin, Armaan","","PG,Flx","0"
"*031mr*","985","Franklin, Jamaal","DEN","SG,SF,Flx","0"
"*059fu*","986","Franks, Robert","ORL","SF,Flx","0"
"*04qsc*","987","Frazier Jr., Melvin","","SG,Flx","0"
"*03v03*","988","Frazier, Michael","","SG,Flx","0"
"*03ku2*","989","Frazier, Tim","CLE","PG,Flx","0"
"*027ot*","990","Fredette, Jimmer","","PG,SG,Flx","0"
"*02oez*","991","Freeland, Joel","","PF,C,Flx","0"
"*0493y*","992","Freeman, Trey","","PG,Flx","0"
"*062k1*","516","Freeman-Liberty, Javon","TOR","PG,SG,Flx","0"
"*06fwl*","506","Fudge, Alex","","SF,Flx","752855"
"*049s6*","343","Fultz, Markelle","ORL","PG,SG,Flx","17000000"
"*06hdv*","993","Funk, Andrew","","SG,Flx","0"
"*059y8*","994","Gabriel, Kenny","","SF,Flx","0"
"*04vu2*","995","Gabriel, Wenyen","","PF,C,Flx","1878720"
"*0393q*","996","Gaddy, Abdul","","PG,SG,Flx","0"
"*01nai*","997","Gaffney, Tony","","PF,Flx","0"
"*051pi*","102","Gafford, Daniel","WAS","PF,C,Flx","12402000"
"*01s5v*","998","Gaines, Sundiata","","PG,SG,Flx","0"
"*005ke*","305","Gallinari, Danilo","DET","SF,Flx","6802950"
"*01uzm*","999","Gallon, Tiny","","PF,Flx","0"
"*03k50*","1000","Galloway, Langston","","SG,Flx","2905851"
"*059cf*","1001","Gant, Jakeenan","","SG,Flx","0"
"*001bb*","1002","Garbajosa, Jorge","","SF,PF,C,Flx","0"
"*06hrf*","1003","Gardner, Patrick","","C,Flx","0"
"*045qh*","1004","Garino, Patricio","","SG,Flx","0"
"*051ol*","188","Garland, Darius","CLE","PG,Flx","34005250"
"*05wah*","1005","Garrett, Marcus","","SG,Flx","0"
"*05uix*","502","Garuba, Usman","GS","PF,Flx","2588400"
"*05ujq*","466","Garza, Luka","MIN","PF,C,Flx","0"
"*004zd*","1006","Gasol, Marc","","C,Flx","0"
"*0014q*","1007","Gasol, Pau","POR","PF,C,Flx","0"
"*04xdt*","521","Gates, Kaiser","","SF,Flx","0"
"*0015a*","1008","Gay, Rudy","","SF,Flx","3196448"
"*042o8*","1009","Gbinije, Michael","","SF,Flx","0"
"*01ng7*","1010","Gee, Alonzo","DEN","SG,SF,Flx","0"
"*06cby*","164","George, Keyonte","UTA","PG,SG,Flx","3889800"
"*01uyj*","7","George, Paul","LAC","SF,PF,Flx","45640165"
"*0490w*","1011","Georges-Hunt, Marcus","","SG,Flx","0"
"*043vy*","1012","Gibson, Jonathan","","PG,SG,Flx","0"
"*01en8*","427","Gibson, Taj","","PF,Flx","3196448"
"*05uig*","74","Giddey, Josh","OKC","SG,SF,PF,Flx","6587040"
"*03xmw*","423","Giles, Harry","BKN","C,Flx","2165000"
"*04qro*","5","Gilgeous-Alexander, Shai","OKC","PG,SG,Flx","33386850"
"*05qv9*","380","Gill, Anthony","WAS","PF,Flx","1997238"
"*05qu6*","1013","Gill, Romaro","","C,Flx","0"
"*0623e*","421","Gillespie, Collin","DEN","PG,Flx","508891"
"*05qzc*","1014","Gillespie, Freddie","","SF,PF,Flx","0"
"*065ut*","293","Gilyard, Jacob","MEM","PG,Flx","0"
"*005ln*","1015","Gist, James","","SF,PF,Flx","0"
"*02xg9*","82","Gobert, Rudy","MIN","C,Flx","41000000"
"*065vf*","1016","Golden, Grant","","SF,PF,Flx","0"
"*0011c*","1017","Gooden, Drew","WAS","PF,C,Flx","0"
"*023tm*","1018","Goodridge, Vernon","","PF,Flx","0"
"*031mf*","1019","Goodwin, Archie","","PG,SG,Flx","0"
"*04w4b*","1020","Goodwin, Brandon","","PG,Flx","0"
"*06hsn*","1021","Goodwin, Dane","","SG,Flx","0"
"*05ux3*","239","Goodwin, Jordan","PHO","PG,Flx","1927896"
"*03al0*","114","Gordon, Aaron","DEN","PF,Flx","21266182"
"*005kf*","131","Gordon, Eric","PHO","SG,Flx","3196448"
"*06hi9*","1022","Gortman, Jazian","","PG,Flx","0"
"*062sq*","1023","Grady, Kellan","","PG,SG,Flx","0"
"*04qsb*","408","Graham, Devonte'","SA","PG,Flx","12100000"
"*03ua0*","1024","Graham, Treveon","","SG,SF,Flx","0"
"*0013z*","1025","Granger, Danny","","SF,Flx","0"
"*03aq2*","91","Grant, Jerami","POR","SF,PF,Flx","27586207"
"*03r7g*","1026","Grant, Jerian","","PG,SG,Flx","0"
"*04vqv*","1027","Grantham, Donte","","SG,Flx","0"
"*057ow*","1028","Gravett, Hassani","","PG,Flx","0"
"*04mr6*","1029","Gray, Josh","","PG,Flx","0"
"*05ujx*","1030","Gray, RaiQuan","","PF,Flx","0"
"*04uq2*","1031","Gray, Rob","","PG,Flx","0"
"*01ng4*","1032","Gray, Taj","","SF,PF,Flx","0"
"*06234*","362","Green, AJ","MIL","SG,Flx","1901769"
"*01ena*","498","Green, Danny","","SG,SF,Flx","3196448"
"*02nfz*","271","Green, Draymond","GS","PF,C,Flx","22321429"
"*031mw*","1033","Green, Erick","UTA","PG,SG,Flx","0"
"*0016k*","1034","Green, Gerald","","SG,SF,Flx","0"
"*03927*","1035","Green, JaMychal","","PF,Flx","2628597"
"*05uic*","72","Green, Jalen","HOU","PG,SG,Flx","9891480"
"*0558v*","1036","Green, Javonte","","SG,Flx","1815677"
"*001ax*","277","Green, Jeff","HOU","PF,Flx","8000000"
"*05qti*","241","Green, Josh","DAL","SG,SF,Flx","4765339"
"*0018l*","1037","Green, Willie","","SG,Flx","0"
"*0621f*","422","Griffin, AJ","ATL","SF,Flx","3712920"
"*01enn*","1038","Griffin, Blake","","PF,Flx","0"
"*038kh*","1039","Griffin, Eric","","SF,Flx","0"
"*05uiz*","222","Grimes, Quentin","NY","SG,SF,Flx","2385720"
"*055si*","1040","Guduric, Marko","","SG,Flx","0"
"*063u8*","1041","Gueye, Mouhamadou","","PF,Flx","0"
"*06ccz*","511","Gueye, Mouhamed","ATL","PF,Flx","1119563"
"*0392a*","1042","Gutierrez, Jorge","","PG,Flx","0"
"*051pz*","1043","Guy, Kyle","","SG,Flx","0"
"*04v3j*","1044","Haas, Isaac","","C,Flx","0"
"*051op*","248","Hachimura, Rui","LAL","SF,PF,Flx","15740741"
"*05quf*","1045","Hagans, Ashton","","PG,SG,Flx","0"
"*01fcv*","1046","Haislip, Marcus","","PF,Flx","0"
"*05qtv*","23","Haliburton, Tyrese","IND","PG,SG,Flx","5808435"
"*04qst*","1047","Hall, Devon","","SG,Flx","0"
"*059qb*","1048","Hall, Donta","","PF,Flx","0"
"*06303*","1049","Hall, Jordan","","PG,SG,SF,PF,Flx","508891"
"*05qzm*","1050","Hall, Josh","","SF,Flx","0"
"*0050r*","1051","Hall, Mike","","SF,PF,Flx","0"
"*05r05*","1052","Hall, Tyler","","PG,SG,Flx","0"
"*06237*","1053","Hamilton, Bryce","","SG,Flx","0"
"*042of*","1054","Hamilton, Daniel","","SF,Flx","0"
"*04lk8*","1055","Hamilton, Isaac","","SG,Flx","0"
"*04xid*","1056","Hamilton, Johnny","","C,Flx","0"
"*02ng9*","1057","Hamilton, Justin","","PF,C,Flx","0"
"*05qt7*","1058","Hammonds, Rayshaun","","SF,PF,Flx","0"
"*042o5*","1059","Hammons, A.J.","","C,Flx","0"
"*05qt5*","456","Hampton, R.J.","MIA","PG,Flx","2412840"
"*051q0*","1060","Hands, Jaylen","","PG,Flx","0"
"*027q8*","1061","Hanga, Adam","SA","SG,Flx","0"
"*03r7w*","1062","Hanlan, Olivier","","PG,Flx","0"
"*04z9c*","1063","Hannahs, Dusty","","PG,SG,Flx","0"
"*01enl*","1064","Hansbrough, Tyler","","PF,C,Flx","0"
"*031mb*","121","Hardaway, Tim","DAL","SG,SF,Flx","17897728"
"*01eo6*","14","Harden, James","LAC","PG,SG,Flx","35640000"
"*06220*","250","Hardy, Jaden","DAL","SG,Flx","1719864"
"*02nff*","1065","Harkless, Maurice","","SF,Flx","4564980"
"*02ww2*","1066","Harper, Demonte","","PG,SG,Flx","0"
"*059ij*","1067","Harper, Jared","","PG,Flx","0"
"*06233*","519","Harper, Ron","","SF,Flx","0"
"*03tru*","1068","Harrell, KT","","SG,Flx","0"
"*03byg*","1069","Harrell, Montrezl","","C,Flx","2891467"
"*0011v*","1070","Harris, Devin","","PG,SG,Flx","0"
"*033b9*","1071","Harris, Elias","","SF,PF,Flx","0"
"*03apx*","270","Harris, Gary","ORL","SG,SF,Flx","13000000"
"*05qso*","1072","Harris, Jalen","","SG,Flx","0"
"*03e6z*","403","Harris, Joe","DET","SG,SF,Flx","19928571"
"*05qzd*","1073","Harris, Kevon","ORL","SG,Flx","0"
"*027p4*","58","Harris, Tobias","PHI","SF,PF,Flx","39270150"
"*03rzs*","1074","Harrison, Aaron","","PG,Flx","0"
"*02xdr*","1075","Harrison, Andrew","","PG,SG,Flx","0"
"*048zs*","499","Harrison, Shaquille","","SG,Flx","2528233"
"*001bf*","1076","Hart, Jason","","PG,Flx","0"
"*04ewu*","139","Hart, Josh","NY","SG,SF,Flx","12960000"
"*04ex6*","79","Hartenstein, Isaiah","NY","C,Flx","8195121"
"*0015o*","1077","Haslem, Udonis","MIA","PF,Flx","0"
"*06ceq*","1078","Hauser, Joey","","SF,Flx","0"
"*05uug*","170","Hauser, Sam","BOS","SF,PF,Flx","1927896"
"*001a0*","1079","Hawes, Spencer","","PF,C,Flx","0"
"*06ca9*","193","Hawkins, Jordan","NO","SG,Flx","4310160"
"*051oo*","335","Hayes, Jaxson","LAL","C,Flx","2165000"
"*05qt9*","166","Hayes, Killian","DET","PG,SG,Flx","7413955"
"*04k0q*","1080","Hayes, Nigel","","PF,Flx","0"
"*01uz7*","180","Hayward, Gordon","CHA","SG,SF,Flx","31500000"
"*0013l*","1081","Head, Luther","","PG,SG,Flx","0"
"*04ljk*","1082","Hearn, Reggie","","SG,Flx","0"
"*06hfa*","1083","Heidegger, Max","","PG,Flx","0"
"*01en5*","1084","Henderson, Gerald","","SG,SF,Flx","0"
"*06cdn*","182","Henderson, Scoot","POR","PG,Flx","9770880"
"*06cc0*","354","Hendricks, Taylor","UTA","PF,Flx","5569920"
"*05uuf*","1085","Henry, Aaron","","SF,Flx","0"
"*04mmf*","1086","Henry, Myke","","SF,Flx","0"
"*0665b*","1087","Henry, Pierria","","PG,SG,Flx","0"
"*02nfe*","1088","Henson, John","NY","PF,C,Flx","0"
"*051q3*","1089","Hernandez, Dewan","","C,Flx","0"
"*042nb*","1090","Hernangomez, Juancho","","PF,Flx","2298385"
"*03r7p*","1091","Hernangomez, Willy","","C,Flx","0"
"*051ot*","151","Herro, Tyler","MIA","PG,SG,Flx","27000000"
"*04qsx*","1092","Hervey, Kevin","","SF,PF,Flx","0"
"*03r7d*","1093","Hezonja, Mario","","SG,SF,PF,Flx","0"
"*04jw1*","1094","Hicks, Isaiah","","PF,Flx","0"
"*04ylf*","1095","Hicks, Stephan","IND","SG,Flx","0"
"*042n3*","57","Hield, Buddy","IND","SG,SF,Flx","18568183"
"*04yk1*","252","Highsmith, Haywood","MIA","SF,PF,Flx","1902137"
"*00128*","1096","Hilario, Nene","","PF,C,Flx","0"
"*059fv*","1097","Hill, Ahmed","","SG,Flx","0"
"*005ll*","1098","Hill, George","","PG,Flx","4000000"
"*01eo4*","1099","Hill, Jordan","","PF,C,Flx","0"
"*05wmn*","1100","Hill, Malcolm","","SF,Flx","0"
"*031ma*","1101","Hill, Solomon","","SG,SF,Flx","0"
"*059ck*","1102","Hinton, Amir","","PG,Flx","0"
"*05qyw*","469","Hinton, Nate","HOU","SG,Flx","2019706"
"*0522u*","1103","Hoard, Jaylen","","SF,PF,Flx","0"
"*06cp1*","454","Hodge, D'Moi","","SG,Flx","0"
"*04qs0*","254","Holiday, Aaron","HOU","PG,Flx","2346614"
"*01eo9*","38","Holiday, Jrue","BOS","PG,SG,Flx","34954667"
"*02x1k*","331","Holiday, Justin","DEN","SG,Flx","3196448"
"*03kth*","1104","Holland, John","","SG,Flx","0"
"*03r7i*","1105","Hollis-Jefferson, Rondae","POR","SF,Flx","0"
"*058zc*","1106","Holman, Aric","","PF,C,Flx","0"
"*03trr*","1107","Holmes, Jonathan","","PF,Flx","0"
"*03r7r*","371","Holmes, Richaun","DAL","PF,C,Flx","12046020"
"*06211*","20","Holmgren, Chet","OKC","PF,C,Flx","10386000"
"*05qzk*","1108","Homesley, Caleb","WAS","SG,Flx","0"
"*059q3*","1109","Hommes, Daulton","","SF,Flx","0"
"*027pk*","1110","Honeycutt, Tyler","","SF,Flx","0"
"*03apy*","1111","Hood, Rodney","","SG,Flx","0"
"*06cce*","441","Hood-Schifino, Jalen","LAL","SG,Flx","3695040"
"*03c6y*","1112","Hopson, Scotty","","SG,Flx","0"
"*000zv*","119","Horford, Al","BOS","PF,C,Flx","10000000"
"*0666a*","1113","Horne, Jeriah","","SF,PF,Flx","0"
"*051pq*","176","Horton-Tucker, Talen","UTA","PG,SG,SF,Flx","11020000"
"*04849*","353","House, Danuel","PHI","SF,Flx","4310250"
"*0621v*","295","Houstan, Caleb","ORL","SF,Flx","2000000"
"*0018a*","1114","Howard, Dwight","","C,Flx","0"
"*06cc6*","459","Howard, Jett","ORL","SF,Flx","5026800"
"*05qui*","1115","Howard, Markus","","SG,Flx","0"
"*052lc*","1116","Howard, William","","SF,Flx","0"
"*038oh*","1117","Howell, Richard","","PF,Flx","0"
"*06236*","1118","Hudgins, Trevor","","PG,Flx","0"
"*04qrw*","128","Huerter, Kevin","SAC","SG,SF,Flx","15669643"
"*03e6w*","1119","Huestis, Josh","","SF,Flx","0"
"*05uup*","505","Huff, Jay","DEN","C,Flx","0"
"*05qta*","1120","Hughes, Elijah","","SG,Flx","0"
"*04xlp*","1121","Humphries, Isaac","","PF,Flx","0"
"*001b7*","1122","Humphries, Kris","","PF,C,Flx","0"
"*05ux6*","1123","Hunt, Feron","","SF,Flx","0"
"*051ok*","225","Hunter, De'Andre","ATL","SF,PF,Flx","20089286"
"*03nwp*","1124","Hunter, R.J.","","SG,Flx","0"
"*05uun*","1125","Hurt, Matthew","","PF,Flx","0"
"*04qrz*","1126","Hutchison, Chandler","","SF,PF,Flx","0"
"*05uj0*","341","Hyland, Bones","LAC","PG,Flx","2306400"
"*005lo*","1127","Ibaka, Serge","","PF,C,Flx","2905851"
"*0018m*","1128","Iguodala, Andre","","SF,Flx","2905851"
"*004zi*","1129","Ilic, Mile","","C,Flx","0"
"*01g61*","1130","Ilyasova, Ersan","","PF,Flx","0"
"*03kqi*","258","Ingles, Joe","ORL","SF,Flx","11000000"
"*03e6x*","1131","Inglis, Damien","","SF,Flx","0"
"*04oba*","1132","Ingram, Andre","LAL","SG,Flx","0"
"*042n1*","49","Ingram, Brandon","NO","SG,SF,PF,Flx","33833400"
"*04ll4*","1133","Iroegbu, Ike","","SG,Flx","0"
"*027oj*","78","Irving, Kyrie","DAL","PG,SG,Flx","37037037"
"*04ewb*","268","Isaac, Jonathan","ORL","PF,Flx","17400000"
"*06214*","101","Ivey, Jaden","DET","PG,SG,Flx","7614480"
"*04ewx*","1134","Iwundu, Wes","","SG,SF,Flx","0"
"*0019f*","1135","Jack, Jarrett","","PG,SG,Flx","0"
"*04obe*","1136","Jackson, Aaron","","PG,Flx","0"
"*06cdd*","315","Jackson, Andre","MIL","SG,Flx","1119563"
"*042o4*","1137","Jackson, Demetrius","","PG,Flx","0"
"*04ewv*","1138","Jackson, Frank","","PG,Flx","0"
"*06cdh*","381","Jackson, Gregory","MEM","PF,Flx","559780"
"*05uiw*","213","Jackson, Isaiah","IND","PF,C,Flx","2696280"
"*04qrj*","30","Jackson, Jaren","MEM","PF,C,Flx","27102202"
"*03llx*","1139","Jackson, Josh","","SF,Flx","5005350"
"*04ewg*","1140","Jackson, Justin","","SF,Flx","2133278"
"*04qsk*","1141","Jackson, Justin","ORL","SF,PF,Flx","0"
"*031ms*","1142","Jackson, Pierre","","PG,Flx","0"
"*064tp*","1143","Jackson, Quenton","","PG,Flx","0"
"*027p9*","136","Jackson, Reggie","DEN","PG,Flx","5000000"
"*06ccv*","265","Jackson-Davis, Trayce","GS","PF,C,Flx","1119563"
"*01uyc*","1144","James, Damion","","SF,Flx","0"
"*01n8g*","1145","James, Dominic","","PG,SG,Flx","0"
"*051pk*","1146","James, Justin","","SG,SF,Flx","0"
"*0011e*","4","James, LeBron","LAL","SF,PF,Flx","47607350"
"*041f7*","1147","James, Mike","","PG,Flx","0"
"*0483j*","1148","Jankovic, Stefan","","PF,Flx","0"
"*06cbx*","108","Jaquez, Jaime","MIA","SG,SF,Flx","3510600"
"*04exl*","1149","Jaramaz, Ognen","NY","PG,Flx","0"
"*05uxx*","1150","Jarreau, DeJon","","SG,Flx","0"
"*031me*","1151","Jean-Charles, Livio","","SF,PF,Flx","0"
"*049s7*","1152","Jeanne, Jonathan","","C,Flx","0"
"*0016i*","1153","Jefferson, Al","","PF,C,Flx","0"
"*04l1w*","1154","Jefferson, Amile","","PF,Flx","0"
"*05xoc*","1155","Jefferson, Damien","","SF,PF,Flx","0"
"*0016w*","1156","Jefferson, Richard","","SG,SF,Flx","0"
"*055sg*","477","Jeffries, DaQuan","","SG,Flx","2066585"
"*06375*","1157","Jeffries, Drake","","PG,SG,Flx","0"
"*06him*","1158","Jemison, Trey","","C,Flx","0"
"*02nfn*","1159","Jenkins, John","","SG,SF,Flx","0"
"*01enu*","1160","Jennings, Brandon","","PG,Flx","0"
"*01eng*","1161","Jerebko, Jonas","","SF,PF,Flx","0"
"*051p4*","495","Jerome, Ty","CLE","SG,Flx","2439025"
"*05qu2*","1162","Jessup, Justinian","","SG,Flx","0"
"*00169*","1163","Jianlian, Yi","","PF,C,Flx","0"
"*05qsp*","163","Joe, Isaiah","OKC","PG,SG,Flx","1997238"
"*0623j*","1164","John, Theo","","PF,Flx","0"
"*04qsq*","1165","Johnson, Alize","","SF,PF,Flx","0"
"*0012p*","1166","Johnson, Amir","","PF,C,Flx","0"
"*04w4k*","1167","Johnson, BJ","","SF,Flx","0"
"*042nk*","1168","Johnson, Brice","","PF,Flx","0"
"*051or*","144","Johnson, Cameron","BKN","SF,PF,Flx","24456522"
"*03r81*","1169","Johnson, Dakari","","C,Flx","0"
"*05ujl*","1170","Johnson, David","","PG,SG,Flx","0"
"*001aa*","1171","Johnson, DerMarr","","SG,SF,Flx","0"
"*05uiu*","130","Johnson, Jalen","ATL","SF,PF,Flx","2925360"
"*067x0*","1172","Johnson, Jalen","","SG,Flx","0"
"*01en7*","457","Johnson, James","","PF,Flx","2905851"
"*06hht*","1173","Johnson, Javan","","SF,PF,Flx","0"
"*04lbu*","1174","Johnson, Jaylen","","SF,Flx","0"
"*000zn*","1175","Johnson, Joe","","SG,SF,PF,Flx","0"
"*051p9*","63","Johnson, Keldon","SA","SG,SF,Flx","20000000"
"*05uiv*","470","Johnson, Keon","BKN","PG,SG,Flx","2808720"
"*06cd7*","494","Johnson, Keyontae","OKC","SF,Flx","0"
"*03e76*","1176","Johnson, Nick","","SG,Flx","0"
"*03nwj*","1177","Johnson, Stanley","","SF,Flx","2351521"
"*03hz1*","1178","Johnson, Tyler","","PG,Flx","0"
"*01uyq*","1179","Johnson, Wesley","","SG,SF,Flx","0"
"*02ngj*","1180","Johnson-Odom, Darius","","SG,Flx","0"
"*06hsk*","1181","Joiner, Jarkel","","PG,Flx","0"
"*04l1s*","1182","Jok, Peter","","PG,Flx","0"
"*03e75*","3","Jokic, Nikola","DEN","C,Flx","47607350"
"*05uj8*","1183","Jokubaitis, Rokas","","PG,SG,Flx","0"
"*05ux5*","1184","Jones, Carlik","","PG,Flx","1927896"
"*06cdj*","414","Jones, Colby","SAC","SG,Flx","2019706"
"*042nr*","429","Jones, Damian","CLE","C,Flx","2586665"
"*048zt*","112","Jones, Derrick","DAL","SF,PF,Flx","2019706"
"*01uyf*","1185","Jones, Dominique","","PG,SG,Flx","0"
"*05uj9*","69","Jones, Herbert","NO","SF,PF,Flx","12015150"
"*0484k*","1186","Jones, Jalen","","SG,SF,Flx","0"
"*04za3*","1187","Jones, Jemerrio","","SG,SF,Flx","0"
"*05uit*","1188","Jones, Kai","","C,Flx","3047880"
"*05qy1*","1189","Jones, Mason","","PG,SG,Flx","0"
"*02nfs*","1190","Jones, Perry","","SF,PF,Flx","0"
"*02nfi*","1191","Jones, Terrence","HOU","SF,PF,Flx","0"
"*06hik*","1192","Jones, Tevian","","PG,SG,Flx","0"
"*05qtq*","174","Jones, Tre","SA","PG,Flx","9895833"
"*03ad0*","59","Jones, Tyus","WAS","PG,Flx","14000000"
"*005l3*","325","Jordan, DeAndre","DEN","C,Flx","3196448"
"*027pf*","375","Joseph, Cory","GS","PG,Flx","3196448"
"*0621q*","312","Jovic, Nikola","MIA","SF,PF,C,Flx","2352000"
"*06hki*","1193","Justice, Keshawn","","SF,PF,Flx","0"
"*0623d*","520","Juzang, Johnny","UTA","SG,Flx","0"
"*04exn*","1194","Kaba, Alpha","ATL","PF,Flx","0"
"*051p7*","1195","Kabengele, Mfiondu","","PF,C,Flx","0"
"*0393u*","1196","Kabongo, Myck","","PG,Flx","0"
"*05ujy*","1197","Kalaitzakis, Georgios","","SF,Flx","0"
"*04414*","1198","Kalinic, Nikola","","SF,Flx","0"
"*06hrt*","1199","Kalscheur, Gabe","","PG,SG,Flx","0"
"*06229*","1200","Kamagate, Ismael","","C,Flx","0"
"*0014f*","1201","Kaman, Chris","","PF,C,Flx","0"
"*03nwo*","1202","Kaminsky, Frank","","C,Flx","2463490"
"*03hz2*","1203","Kamperidis, Michalis","","SF,Flx","0"
"*027p2*","1204","Kanter, Enes","","C,Flx","0"
"*001b6*","1205","Kapono, Jason","","SG,SF,Flx","0"
"*06225*","1206","Keels, Trevor","","SG,Flx","1801769"
"*015t6*","1207","Kelley, Tre","","PG,Flx","0"
"*04ewd*","286","Kennard, Luke","MEM","SG,Flx","14763636"
"*02j7d*","1208","Kennedy, D.J.","","SG,SF,Flx","0"
"*0621l*","150","Kessler, Walker","UTA","C,Flx","2831160"
"*05ycx*","442","Key, Braxton","DEN","SF,Flx","0"
"*052ld*","1209","Kidd, Stanton","","PF,Flx","0"
"*02nf2*","1210","Kidd-Gilchrist, Michael","","SF,Flx","0"
"*06376*","1211","Killeya-Jones, Sacha","","SF,PF,Flx","0"
"*03lg0*","1212","Kilpatrick, Sean","","PG,SG,Flx","0"
"*04qsz*","1213","King, George","","SG,SF,Flx","0"
"*059qc*","1214","King, Louis","","SF,Flx","0"
"*06ces*","1215","King, Mojave","IND","SG,Flx","0"
"*059cl*","1216","King, V.J.","","SG,Flx","0"
"*06hif*","1217","Kinsey, Taevion","","PG,SG,Flx","0"
"*001be*","1218","Kirilenko, Andrei","","SF,PF,Flx","0"
"*0663u*","1219","Kirkwood, Noah","","PG,SG,Flx","0"
"*05uip*","191","Kispert, Corey","WAS","SG,SF,Flx","3722040"
"*0665a*","1220","Kissoonlal, Reggie","","SF,PF,Flx","0"
"*04jw4*","392","Kleber, Maxi","DAL","PF,C,Flx","11000000"
"*0012b*","1221","Kleiza, Linas","","SF,Flx","0"
"*027or*","1222","Knight, Brandon","","PG,SG,Flx","0"
"*05qts*","1223","Knight, Nathan","","PF,Flx","0"
"*049kh*","298","Knox, Kevin","DET","SF,PF,Flx","2144320"
"*02gzm*","1224","Koch, Adam","","SG,SF,Flx","0"
"*04jw9*","1225","Koenig, Bronson","","SG,Flx","0"
"*0621w*","1226","Koloko, Christian","","C,Flx","1719864"
"*059cb*","1227","Konate, Sagaba","","SF,Flx","0"
"*05293*","245","Konchar, John","MEM","SG,SF,Flx","2400000"
"*05ujv*","1228","Koprivica, Balsa","","C,Flx","0"
"*042nl*","390","Korkmaz, Furkan","PHI","SG,Flx","5370370"
"*04jwb*","274","Kornet, Luke","BOS","C,Flx","2413304"
"*0050c*","1229","Korolev, Yaroslav","","SF,PF,Flx","0"
"*001bj*","1230","Korver, Kyle","","SG,SF,Flx","0"
"*005lu*","1231","Koufos, Kosta","","PF,C,Flx","0"
"*059g1*","1232","Koumadje, Christ","","C,Flx","0"
"*059ik*","1233","Kramer, David","","PG,Flx","0"
"*02oj1*","1234","Kravtsov, Viacheslav","","C,Flx","0"
"*05qtk*","1235","Krejci, Vit","ATL","PG,Flx","2019706"
"*06452*","1236","Kuhse, Tommy","","PG,SG,Flx","0"
"*04qsv*","1237","Kulboka, Arnoldas","","SF,Flx","0"
"*05uih*","168","Kuminga, Jonathan","GS","PF,C,Flx","6012840"
"*04qsh*","1238","Kurucs, Rodions","","SF,PF,Flx","0"
"*04ewr*","36","Kuzma, Kyle","WAS","SF,PF,Flx","25568182"
"*043pn*","1239","Kuzminskas, Mindaugas","","SF,PF,Flx","0"
"*03se2*","1240","Kyser, Michale","","PF,Flx","0"
"*0621i*","420","LaRavia, Jake","MEM","PF,Flx","3199920"
"*03ams*","157","LaVine, Zach","CHI","SG,SF,Flx","40064220"
"*042np*","1241","Labissiere, Skal","","PF,C,Flx","2165000"
"*059y6*","1242","Lacey, Trevor","","PG,Flx","0"
"*05qvg*","1243","Lamb, Anthony","","SF,Flx","0"
"*02nfc*","1244","Lamb, Jeremy","","SG,Flx","0"
"*05uuq*","366","Landale, Jock","HOU","C,Flx","8000000"
"*051ou*","1245","Langford, Romeo","","SG,Flx","5634257"
"*049dw*","1246","Laprovittola, Nicolas","","PG,Flx","0"
"*031m5*","1247","Larkin, Shane","","PG,Flx","0"
"*04tm1*","1248","Larrier, Terry","","PF,Flx","0"
"*031n5*","1249","Lauvergne, Joffrey","","PF,C,Flx","0"
"*055sh*","1250","Law, Vic","","PG,SF,Flx","0"
"*05uwa*","360","Lawson, A.J.","DAL","SG,Flx","0"
"*059q4*","1251","Lawson, Dedric","","SF,PF,Flx","0"
"*01end*","1252","Lawson, Ty","","PG,Flx","0"
"*042o6*","1253","Layman, Jake","","SF,Flx","0"
"*042nf*","126","LeVert, Caris","CLE","SG,SF,Flx","15384616"
"*04ewj*","1254","Leaf, T.J.","","PF,Flx","0"
"*0524h*","1255","Lecque, Jalen","","PG,SG,Flx","0"
"*005lc*","1256","Lee, Courtney","","SG,SF,Flx","0"
"*0484l*","1257","Lee, Damion","PHO","SG,Flx","2528233"
"*04uwn*","1258","Lee, Marcus","","C,Flx","0"
"*05qu4*","424","Lee, Saben","PHO","PG,Flx","0"
"*04mus*","1259","Lemon Jr., Walt","","SF,Flx","0"
"*031ls*","365","Len, Alex","SAC","C,Flx","3196448"
"*027oz*","8","Leonard, Kawhi","LAC","SG,SF,PF,Flx","45640084"
"*02nfb*","1260","Leonard, Meyers","","C,Flx","0"
"*04exd*","1261","Lessort, Mathias","","PF,Flx","0"
"*027pp*","1262","Leuer, Jon","","PF,C,Flx","0"
"*023tj*","1263","Lewis, Dwight","","SG,Flx","0"
"*0623f*","1264","Lewis, Justin","","PF,Flx","0"
"*05qtc*","401","Lewis, Kira","TOR","PG,Flx","5722116"
"*05wy5*","1265","Lewis, Matt","","SG,Flx","0"
"*06cdg*","473","Lewis, Maxwell","LAL","SF,Flx","1119563"
"*05uju*","1266","Lewis, Scottie","","PG,SG,Flx","0"
"*06224*","481","Liddell, E.J.","NO","PF,Flx","1801769"
"*027q2*","1267","Liggins, DeAndre","","SG,SF,Flx","0"
"*02nf6*","29","Lillard, Damian","MIL","PG,Flx","45640084"
"*01wlo*","1268","Lin, Jeremy","","PG,SG,Flx","0"
"*06h8i*","1269","Lindsey, Scottie","","SG,Flx","1119563"
"*051p5*","317","Little, Nassir","PHO","SF,PF,Flx","6250000"
"*06cc8*","175","Lively, Dereck","DAL","C,Flx","4775640"
"*05ujg*","314","Livers, Isaiah","WAS","PF,Flx","1836096"
"*06cde*","445","Livingston, Chris","MIL","SF,Flx","1119563"
"*06235*","405","Lofton, Kenneth","PHI","PF,Flx","1719864"
"*04vy1*","1270","Lofton, Zach","","SG,Flx","0"
"*04846*","1271","Long, Shawn","","PF,C,Flx","0"
"*03ad7*","189","Looney, Kevon","GS","PF,C,Flx","7500000"
"*005ki*","43","Lopez, Brook","MIL","C,Flx","25000000"
"*005le*","471","Lopez, Robin","MIL","C,Flx","3196448"
"*051pf*","1272","Louzada, Didi","POR","SG,Flx","0"
"*005kd*","183","Love, Kevin","MIA","PF,C,Flx","3835738"
"*0015b*","124","Lowry, Kyle","MIA","PG,Flx","29682540"
"*04uq4*","1273","Loyd, Jordan","","PG,Flx","0"
"*060me*","1274","Lundberg, Iffe","PHO","SG,Flx","0"
"*06cd0*","472","Lundy, Seth","ATL","SF,Flx","559780"
"*042nj*","1275","Luwawu-Cabarrot, Timothe","","SF,Flx","0"
"*04ewo*","1276","Lydon, Tyler","","PF,Flx","0"
"*03ad5*","267","Lyles, Trey","SAC","PF,C,Flx","8000000"
"*043cl*","1277","Mac, Sheldon","","SG,Flx","0"
"*02wcx*","1278","Machado, Scott","LAL","PG,SG,Flx","0"
"*027pj*","1279","Mack, Shelvin","","PG,Flx","0"
"*04xgh*","1280","Macon, Daryl","","PG,Flx","0"
"*04xhr*","1281","Macura, J.P.","CLE","SG,Flx","0"
"*05qt2*","1282","Madar, Yam","","PG,Flx","0"
"*03zl4*","1283","Magette, Josh","","PG,Flx","0"
"*05qz2*","1284","Magnay, Will","","SF,PF,C,Flx","0"
"*001ae*","1285","Mahinmi, Ian","","C,Flx","0"
"*05xn9*","1286","Mahoney, Denzel","","SG,Flx","0"
"*063rs*","1287","Maker, Makur","","C,Flx","0"
"*059y7*","1288","Maker, Matur","","C,Flx","0"
"*03lgm*","1289","Maker, Thon","","PF,C,Flx","0"
"*06hqq*","1290","Maldonado, Hunter","","SG,Flx","0"
"*05qsr*","373","Maledon, Theo","PHO","PG,Flx","1900000"
"*05ujs*","345","Mamukelashvili, Sandro","SA","PF,C,Flx","2019706"
"*05qy9*","1291","Mane, Karim","","PG,Flx","0"
"*06hpm*","1292","Mangas, Kyle","","PG,Flx","0"
"*051ps*","229","Mann, Terance","LAC","PG,SG,SF,Flx","10576923"
"*05uis*","389","Mann, Tre","OKC","PG,Flx","3191400"
"*05qu3*","1293","Mannion, Nico","","PG,Flx","0"
"*03e7j*","1294","Marble, Devyn","","SG,SF,Flx","0"
"*051q4*","1295","Marinkovic, Vanja","","SG,SF,Flx","0"
"*0018z*","1296","Marion, Shawn","","SG,SF,Flx","0"
"*03scs*","453","Marjanovic, Boban","HOU","C,Flx","2891467"
"*04azw*","44","Markkanen, Lauri","UTA","SF,PF,Flx","17259999"
"*03trs*","1297","Marks, Derrick","","SG,Flx","0"
"*05qzh*","227","Marshall, Naji","NO","SG,SF,Flx","1930681"
"*055qo*","246","Martin, Caleb","MIA","SG,SF,Flx","6802950"
"*01byj*","1298","Martin, Cartier","","SG,SF,Flx","0"
"*051pg*","338","Martin, Cody","CHA","SF,Flx","7560000"
"*03r7j*","1299","Martin, Jarell","","PF,C,Flx","0"
"*06ceo*","1300","Martin, Jaylen","NY","SF,Flx","0"
"*052c4*","1301","Martin, Jeremiah","","PG,Flx","0"
"*057a2*","1302","Martin, Kelan","","SF,PF,Flx","0"
"*05qym*","385","Martin, Kenyon","PHI","SF,Flx","1930681"
"*0622e*","1303","Martin, Tyrese","","SG,Flx","1801769"
"*001by*","1304","Mason Jr., Roger","","SG,Flx","0"
"*04ewy*","1305","Mason, Frank","","PG,Flx","0"
"*059vz*","1306","Massinburg, CJ","","PG,Flx","0"
"*04xgl*","1307","Maten, Yante","","SF,Flx","0"
"*052fs*","342","Mathews, Garrison","ATL","SG,Flx","2000000"
"*04jw2*","1308","Mathiang, Mangok","","PF,C,Flx","0"
"*055c5*","1309","Mathias, Dakota","","SG,Flx","0"
"*06215*","141","Mathurin, Bennedict","IND","SG,SF,Flx","6916080"
"*0622f*","1310","Matkovic, Karlo","","C,Flx","0"
"*05qyo*","1311","Matthews, Charles","","PG,SG,Flx","0"
"*01ngg*","376","Matthews, Wesley","ATL","SG,Flx","3196448"
"*05qsq*","17","Maxey, Tyrese","PHI","PG,SG,Flx","4343920"
"*055c6*","1312","Maye, Luke","","PF,Flx","0"
"*06he0*","1313","Mayer, Matthew","","PF,Flx","1119563"
"*005l8*","1314","Mayo, O.J.","","PG,SG,Flx","0"
"*05qtu*","289","Mays, Skylar","LAL","SG,Flx","2092354"
"*005l7*","1315","Mbah a Moute, Luc","","SF,PF,Flx","0"
"*03jvs*","1316","McAdoo, James Michael","","PF,Flx","0"
"*05uja*","322","McBride, Miles","NY","PG,Flx","1836096"
"*04ll1*","1317","McCall, Tahjere","","SG,Flx","0"
"*042ny*","1318","McCaw, Patrick","","SG,SF,Flx","0"
"*05uuu*","1319","McClung, Mac","","SG,Flx","2019706"
"*031lx*","52","McCollum, CJ","NO","PG,SG,Flx","35802469"
"*06hrm*","1320","McConnell, Caleb","","SG,Flx","0"
"*03wr4*","203","McConnell, T.J.","IND","PG,Flx","8700000"
"*04uq7*","1321","McCoy, Brandon","","C,Flx","0"
"*06304*","1322","McCoy, Javante","","PG,SG,Flx","0"
"*04lci*","1323","McCree, Erik","UTA","SF,Flx","0"
"*03ad6*","1324","McCullough, Chris","","PF,Flx","0"
"*05qu0*","211","McDaniels, Jaden","MIN","SF,PF,Flx","3901399"
"*051pw*","351","McDaniels, Jalen","TOR","SF,PF,Flx","4516000"
"*03e6y*","1325","McDaniels, K.J.","","SF,Flx","0"
"*03avi*","273","McDermott, Doug","SA","SF,Flx","13750000"
"*05qte*","1326","McDermott, Sean","","SF,Flx","0"
"*059fy*","1327","McDowell-White, William","","SG,Flx","0"
"*03e6p*","1328","McGary, Mitch","","PF,C,Flx","0"
"*005lx*","309","McGee, JaVale","SAC","C,Flx","3196448"
"*06fpq*","1329","McGhee, Darius","","PG,Flx","0"
"*06223*","307","McGowens, Bryce","CHA","SG,SF,Flx","1719864"
"*05xnj*","1330","McGriff, Cameron","","SF,Flx","0"
"*0392f*","1331","McGruder, Rodney","","SG,Flx","2709849"
"*04jwc*","1332","McKinnie, Alfonzo","","SF,Flx","0"
"*05wc6*","1333","McLaughlin, JaQuori","","PG,Flx","0"
"*04xhz*","348","McLaughlin, Jordan","MIN","PG,Flx","2320000"
"*031lu*","1334","McLemore, Ben","","SG,Flx","0"
"*03e7m*","1335","McRae, Jordan","","PG,SG,Flx","0"
"*0019k*","1336","McRoberts, Josh","","PF,C,Flx","0"
"*01env*","1337","Meeks, Jodie","","SG,Flx","0"
"*04gwa*","1338","Meeks, Kennedy","","C,Flx","0"
"*03soi*","1339","Mejri, Salah","","C,Flx","0"
"*055bw*","1340","Melli, Nicolo","","PF,Flx","0"
"*02nfm*","1341","Melo, Fab","","C,Flx","0"
"*04qsm*","87","Melton, De'Anthony","PHI","PG,SG,Flx","8000000"
"*06hdz*","386","Mensah, Nathan","CHA","SF,PF,C,Flx","0"
"*05qtb*","285","Merrill, Sam","CLE","SG,Flx","1997238"
"*04qsp*","291","Metu, Chimezie","PHO","PF,C,Flx","2346614"
"*042nz*","1342","Michineau, David","LAC","PG,Flx","0"
"*03e7f*","334","Micic, Vasilije","OKC","PG,Flx","7723000"
"*03r7n*","1343","Mickey, Jordan","","PF,C,Flx","0"
"*02ng3*","103","Middleton, Khris","MIL","SF,Flx","28703704"
"*059cg*","1344","Mika, Eric","","C,Flx","0"
"*001bl*","1345","Miles, C.J.","","SG,SF,Flx","0"
"*059g2*","1346","Miles, Isaiah","","SF,Flx","0"
"*06ceh*","1347","Miles, Mike","","PG,Flx","1981953"
"*00157*","1348","Milicic, Darko","","C,Flx","0"
"*06cca*","161","Miller, Brandon","CHA","SF,PF,Flx","10880400"
"*02nga*","1349","Miller, Darius","","SG,SF,Flx","0"
"*05wy4*","1350","Miller, Isaiah","","SG,Flx","0"
"*06ccw*","491","Miller, Jordan","LAC","SF,Flx","752855"
"*06cei*","455","Miller, Leonard","MIN","SF,Flx","1800000"
"*03woz*","1351","Miller, Malcolm","","SG,SF,PF,Flx","0"
"*00152*","1352","Miller, Mike","","SG,SF,Flx","0"
"*01eog*","436","Mills, Patty","ATL","PG,Flx","6802950"
"*023z9*","1353","Millsap, Elijah","","SG,SF,Flx","0"
"*001bo*","1354","Millsap, Paul","","PF,Flx","0"
"*04qsu*","308","Milton, Shake","MIN","SG,Flx","5000000"
"*03r7k*","1355","Milutinov, Nikola","SA","C,Flx","0"
"*06avs*","428","Minaya, Justin","POR","SF,Flx","0"
"*03wqu*","1356","Minnerath, Nick","","PF,Flx","0"
"*06228*","443","Minott, Josh","MIN","SF,Flx","1719864"
"*064to*","1357","Mintz, Davion","","PG,SG,Flx","0"
"*027p8*","1358","Mirotic, Nikola","","SF,PF,Flx","0"
"*05uij*","328","Mitchell, Davion","SAC","PG,Flx","5063640"
"*04ewe*","25","Mitchell, Donovan","CLE","PG,SG,Flx","32600060"
"*02h0c*","1359","Mitchell, Tommy","","PG,SG,Flx","0"
"*04l17*","1360","Mitrou-Long, Naz","","PG,SG,Flx","0"
"*05uid*","172","Mobley, Evan","CLE","PF,C,Flx","8882640"
"*0622c*","476","Mobley, Isaiah","CLE","PF,Flx","508891"
"*06667*","1361","Mohammed, Aminu","","PG,SG,Flx","0"
"*0524i*","1362","Mokoka, Adam","","SG,Flx","0"
"*0623i*","1363","Molinar, Iverson","","PG,Flx","0"
"*062xs*","1364","Moneke, Chima","","SF,PF,Flx","1017781"
"*049kc*","45","Monk, Malik","SAC","SG,Flx","9945830"
"*01uyg*","1365","Monroe, Greg","","C,Flx","0"
"*03rxk*","1366","Montero, Luis","","SF,Flx","0"
"*05qz8*","1367","Montgomery, EJ","","SF,PF,Flx","0"
"*05uio*","231","Moody, Moses","GS","SG,SF,Flx","3918480"
"*05ya2*","497","Moon, Xavier","LAC","SG,Flx","0"
"*0590n*","1368","Mooney, Matt","NY","PG,SG,Flx","0"
"*04j1u*","1369","Moore, Ben","","SF,Flx","0"
"*04vxx*","1370","Moore, Doral","","C,Flx","0"
"*027q4*","1371","Moore, E'Twaun","","SG,Flx","0"
"*06cej*","1372","Moore, Omari","","SG,SF,Flx","0"
"*06ho4*","1373","Moore, Taze","","SG,Flx","0"
"*0621p*","467","Moore, Wendell","MIN","SG,Flx","2421720"
"*06gsd*","1374","Morales, Alex","","PG,SG,Flx","0"
"*051oi*","287","Morant, Ja","MEM","PG,Flx","34005250"
"*03gyn*","1375","Moreland, Eric","","PF,Flx","0"
"*04jw7*","1376","Morgan, Jeremy","","SG,Flx","0"
"*058a2*","1377","Morgan, Juwan","","PF,Flx","0"
"*027pq*","1378","Morris, Darius","","PG,SG,Flx","0"
"*04mx3*","1379","Morris, Jaylen","","SG,Flx","0"
"*027oy*","275","Morris, Marcus","PHI","PF,Flx","17116279"
"*027ox*","388","Morris, Markieff","DAL","PF,Flx","2019706"
"*04exe*","1380","Morris, Monte","DET","PG,Flx","9800926"
"*0663x*","1381","Morsell, Darryl","","PG,SG,Flx","1119563"
"*027p5*","1382","Motiejunas, Donatas","","PF,C,Flx","0"
"*04fj7*","1383","Motley, Johnathan","","SF,PF,Flx","0"
"*03jm2*","1384","Motum, Brock","","PF,Flx","0"
"*05r1s*","1385","Mourning, Trey","","PF,Flx","0"
"*01vqb*","1386","Mozgov, Timofey","","C,Flx","0"
"*03acz*","1387","Mudiay, Emmanuel","","PG,Flx","0"
"*031m1*","1388","Muhammad, Shabazz","","SG,SF,Flx","0"
"*059ft*","1389","Mulder, Mychal","","PG,Flx","0"
"*01eo7*","1390","Mullens, Byron","","PF,C,Flx","0"
"*05qz5*","1391","Murkey, Ade","","PG,SG,Flx","0"
"*059cx*","1392","Murphy, Jordan","","SG,Flx","0"
"*05uir*","264","Murphy, Trey","NO","SF,PF,Flx","3359280"
"*042nq*","22","Murray, Dejounte","ATL","PG,SG,Flx","18214000"
"*042n4*","96","Murray, Jamal","DEN","PG,SG,Flx","33833400"
"*06213*","53","Murray, Keegan","SAC","SF,PF,Flx","8409000"
"*06ca5*","321","Murray, Kris","POR","SF,Flx","2847480"
"*04qs6*","1393","Musa, Dzanan","","SF,Flx","0"
"*031mu*","318","Muscala, Mike","DET","C,Flx","3500000"
"*04qsn*","399","Mykhailiuk, Svi","BOS","SF,Flx","1968175"
"*049ra*","1394","N'Diaye, Mamadou","","C,Flx","0"
"*042oh*","1395","Nader, Abdel","","SF,PF,Flx","0"
"*03r7l*","261","Nance, Larry","NO","PF,C,Flx","10375000"
"*06gno*","1396","Nance, Pete","CLE","PF,Flx","0"
"*03e6r*","1397","Napier, Shabazz","","PG,SG,Flx","0"
"*01uzo*","1398","Ndiaye, Hamady","","C,Flx","0"
"*01wpw*","1399","Neal, Gary","","PG,SG,Flx","0"
"*0018b*","1400","Nelson, Jameer","","PG,Flx","0"
"*01n8i*","1401","Nelson, Spencer","","SF,PF,Flx","0"
"*0621u*","253","Nembhard, Andrew","IND","PG,SG,Flx","2131905"
"*05wqk*","1402","Nembhard, RJ","","SG,Flx","0"
"*05qt4*","113","Nesmith, Aaron","IND","SF,PF,Flx","5634257"
"*031mx*","1403","Neto, Raul","","PG,Flx","2463490"
"*01nik*","1404","Nevill, Luke","","C,Flx","0"
"*03llw*","1405","Newman, Malik","","PG,SG,Flx","0"
"*042o9*","194","Niang, Georges","CLE","PF,Flx","8800000"
"*05vyx*","480","Nix, Daishen","MIN","PG,Flx","2019706"
"*06cda*","1406","Nnaji, James","CHA","C,Flx","0"
"*05quh*","310","Nnaji, Zeke","DEN","PF,C,Flx","4306281"
"*04lbv*","1407","Nnoko, Landry","","C,Flx","0"
"*00111*","1408","Noah, Joakim","","PF,C,Flx","0"
"*0010y*","1409","Nocioni, Andres","","SF,PF,Flx","0"
"*031lt*","1410","Noel, Nerlens","","C,Flx","3196448"
"*06eoe*","1411","Noel, Obadiah","","SG,Flx","0"
"*031m3*","1412","Nogueira, Lucas","","PF,C,Flx","0"
"*06hhm*","1413","Nolley, Landers","","SG,Flx","0"
"*06cp3*","1414","Norris, Miles","","PF,Flx","0"
"*0522v*","1415","Norvell, Zach","","SG,Flx","0"
"*0013n*","1416","Novak, Steve","","SF,PF,Flx","0"
"*051pn*","404","Nowell, Jaylen","MEM","SG,Flx","1930681"
"*06cer*","490","Nowell, Markquis","TOR","PG,SG,Flx","0"
"*04416*","517","Ntilikina, Frank","CHA","PG,Flx","2528233"
"*04xgj*","1417","Nunn, Kendrick","","PG,Flx","5250000"
"*0393n*","1418","Nunnally, James","","SF,Flx","0"
"*03e6n*","51","Nurkic, Jusuf","PHO","C,Flx","16875000"
"*04aqo*","1419","Nwaba, David","","SF,Flx","5022000"
"*05qt6*","356","Nwora, Jordan","TOR","SF,PF,Flx","3000000"
"*0622h*","1420","Nzosa, Yannick","","C,Flx","0"
"*03siq*","1421","O'Brien, JJ","","SF,Flx","0"
"*03e72*","1422","O'Bryant III, Johnny","","PF,Flx","0"
"*06669*","1423","O'Connell, Alex","","PG,SG,Flx","0"
"*0013q*","1424","O'Neal, Jermaine","","C,Flx","0"
"*06239*","1425","O'Neal, Shareef","","PF,Flx","0"
"*04jwd*","94","O'Neale, Royce","BKN","SG,SF,Flx","9500000"
"*02ngd*","1426","O'Quinn, Kyle","","PF,C,Flx","0"
"*00508*","1427","Obrzut, Lukasz","","C,Flx","0"
"*0484a*","1428","Ochefu, Daniel","","C,Flx","0"
"*0019j*","1429","Oden, Greg","","C,Flx","0"
"*059il*","1430","Odiase, Norense","","C,Flx","0"
"*0014o*","1431","Odom, Lamar","","SF,PF,Flx","0"
"*04ex0*","1432","Ojeleye, Semi","","SF,PF,Flx","0"
"*0010j*","1433","Okafor, Emeka","","C,Flx","0"
"*03ad1*","1434","Okafor, Jahlil","","C,Flx","0"
"*051ow*","323","Okeke, Chuma","ORL","PF,Flx","5266713"
"*04qs8*","1435","Okobo, Elie","","PG,Flx","0"
"*04qrx*","233","Okogie, Josh","PHO","SG,SF,Flx","2815937"
"*05qtt*","152","Okongwu, Onyeka","ATL","C,Flx","8109063"
"*05qsk*","224","Okoro, Isaac","CLE","SG,SF,Flx","8920795"
"*051pc*","1436","Okpala, KZ","","PF,Flx","1902133"
"*001bg*","1437","Okur, Mehmet","","C,Flx","0"
"*031lp*","1438","Oladipo, Victor","HOU","SG,Flx","9450000"
"*04fj9*","1439","Oliver, Cameron","","SF,PF,Flx","0"
"*031m0*","111","Olynyk, Kelly","UTA","PF,C,Flx","12195122"
"*05uuo*","370","Omoruyi, Eugene","WAS","SF,Flx","0"
"*04xic*","1440","Omot, Nuni","","SF,Flx","0"
"*06hie*","1441","Ongenda, Nick","","C,Flx","0"
"*051q2*","1442","Oni, Miye","","SG,Flx","0"
"*05ux2*","1443","Onu, EJ","","PF,Flx","0"
"*03732*","1444","Onuaku, Arinze","","PF,Flx","0"
"*042nx*","1445","Onuaku, Chinanu","","PF,C,Flx","0"
"*031n1*","1446","Osby, Romero","","SF,PF,Flx","0"
"*03r7m*","212","Osman, Cedi","SA","SF,PF,Flx","6718842"
"*05que*","1447","Oturu, Daniel","","C,Flx","0"
"*04hon*","1448","Ouattara, Yakuba","","SG,Flx","0"
"*03nwk*","196","Oubre Jr., Kelly","PHI","SG,SF,Flx","2891467"
"*0017z*","1449","Outlaw, Bo","","PF,Flx","0"
"*0019a*","1450","Outlaw, Travis","","SF,PF,Flx","0"
"*059im*","1451","Owens, Tariq","","PF,Flx","0"
"*000zo*","1452","Pachulia, Zaza","","C,Flx","0"
"*05ybc*","1453","Paige, Jaysean","","PG,Flx","0"
"*042oe*","1454","Paige, Marcus","","PG,Flx","0"
"*059qa*","1455","Palmer Jr., James","","SG,Flx","0"
"*023vc*","1456","Palmer, Kevin","","SG,SF,Flx","0"
"*05yaa*","1457","Palmer, Trayvon","","SG,Flx","0"
"*059wu*","1458","Palo, Bubu","","PG,Flx","0"
"*05wn0*","1459","Pangos, Kevin","","SG,Flx","0"
"*042n9*","1460","Papagiannis, Georgios","","C,Flx","0"
"*02ngc*","1461","Papanikolaou, Kostas","","SF,PF,Flx","0"
"*02gvk*","1462","Pargo, Jeremy","GS","PG,SG,Flx","0"
"*02v2t*","1463","Parker, Jabari","","SF,PF,Flx","0"
"*03zl2*","1464","Parks Jr., Bobby Ray","","SG,Flx","0"
"*027pn*","1465","Parsons, Chandler","","SF,PF,Flx","0"
"*051pl*","1466","Paschall, Eric","","PF,Flx","508891"
"*04ewp*","1467","Pasecniks, Anzejs","","C,Flx","0"
"*05qzb*","1468","Patterson, Devonte","","SF,Flx","0"
"*01scu*","1469","Patterson, Patrick","","PF,Flx","0"
"*04ewh*","1470","Patton, Justin","","C,Flx","0"
"*044td*","1471","Paul, Brandon","","SG,Flx","0"
"*0017e*","142","Paul, Chris","GS","PG,Flx","30800000"
"*03r7e*","256","Payne, Cameron","MIL","PG,Flx","6500000"
"*043cj*","329","Payton II, Gary","GS","PG,Flx","8715000"
"*03e6m*","1472","Payton, Elfrid","","PG,Flx","2709849"
"*04l1u*","1473","Peak, L.J.","","SG,Flx","0"
"*04vyd*","1474","Pelle, Norvel","","C,Flx","0"
"*03wm7*","1475","Penn, Kleon","","C,Flx","0"
"*059fw*","1476","Perkins, Josh","","PG,Flx","0"
"*00105*","1477","Perkins, Kendrick","","C,Flx","0"
"*04k4q*","1478","Perrantes, London","","PG,Flx","0"
"*05qsz*","1479","Perry, Reggie","","PF,Flx","0"
"*04exh*","1480","Peters, Alec","","PF,Flx","0"
"*059cm*","1481","Peters, Lamar","","PG,Flx","0"
"*06hdy*","500","Peterson, Drew","BOS","PG,SG,PF,Flx","1119563"
"*05ujo*","514","Petrusev, Filip","","PF,C,Flx","1119563"
"*05xog*","1482","Petty, John","","SG,Flx","0"
"*04zi8*","1483","Phillip, Tarik","","PG,Flx","0"
"*06cdf*","435","Phillips, Julian","CHI","SF,Flx","1600000"
"*06ccy*","418","Pickett, Jalen","DEN","SG,Flx","1708143"
"*05wvv*","1484","Pickett, Jamorko","","SF,Flx","0"
"*0665c*","1485","Pierre-Louis, Nate","","SF,PF,Flx","0"
"*00131*","1486","Pietrus, Mickael","","SG,SF,Flx","0"
"*055ol*","1487","Pineiro, Isaiah","","SG,Flx","0"
"*04uq6*","1488","Pinson, Theo","","SG,Flx","1968175"
"*059vm*","1489","Pippen, Kavion","","C,Flx","0"
"*0623a*","1490","Pippen, Scotty","MEM","PG,Flx","508891"
"*064q6*","1491","Plowden, Daeqwon","","PG,SG,SF,PF,Flx","0"
"*043i5*","1492","Plumlee, Marshall","","C,Flx","0"
"*031m9*","374","Plumlee, Mason","LAC","C,Flx","5000000"
"*02nfq*","1493","Plumlee, Miles","","PF,C,Flx","0"
"*06cc7*","154","Podziemski, Brandin","GS","SG,Flx","3352440"
"*042n6*","116","Poeltl, Jakob","TOR","C,Flx","19500000"
"*03r86*","1494","Pointer, Sir'Dominic","CLE","SF,Flx","0"
"*052h2*","1495","Poirier, Vincent","","C,Flx","0"
"*05qud*","465","Pokusevski, Aleksej","OKC","PF,C,Flx","5009633"
"*01uyz*","1496","Pondexter, Quincy","","SG,SF,Flx","0"
"*059fz*","1497","Ponds, Shamorie","","PG,Flx","0"
"*05uum*","1498","Pons, Yves","MEM","SF,Flx","0"
"*051p8*","88","Poole, Jordan","WAS","PG,SG,Flx","27455357"
"*03nws*","1499","Pope, Malik","","SF,Flx","0"
"*06cp4*","269","Porter, Craig","CLE","PG,Flx","1119563"
"*05gwp*","352","Porter, Jontay","TOR","PF,Flx","2019706"
"*051pa*","1500","Porter, Kevin","","PG,SG,Flx","15860000"
"*04qrr*","42","Porter, Michael","DEN","SF,PF,Flx","33386850"
"*031lq*","382","Porter, Otto","TOR","SF,Flx","6300000"
"*03nwn*","122","Portis, Bobby","MIL","PF,C,Flx","11710818"
"*03el5*","84","Porzingis, Kristaps","BOS","PF,C,Flx","36016200"
"*00102*","1501","Posey, James","","SG,SF,Flx","0"
"*05wqp*","509","Potter, Micah","UTA","C,Flx","0"
"*03e79*","232","Powell, Dwight","DAL","C,Flx","4000000"
"*06gnp*","1502","Powell, Justin","","SG,Flx","0"
"*05qsv*","1503","Powell, Myles","","PG,SG,Flx","0"
"*03r7z*","158","Powell, Norman","LAC","PG,SG,Flx","18000000"
"*047j6*","1504","Poythress, Alex","","SF,Flx","0"
"*04rvz*","1505","Preston, Billy","","SF,PF,Flx","0"
"*05uj7*","1506","Preston, Jason","UTA","PG,Flx","1836096"
"*01enm*","1507","Price, A.J.","PHO","PG,Flx","0"
"*02oyy*","1508","Prigioni, Pablo","","PG,SG,Flx","0"
"*05uim*","503","Primo, Joshua","LAC","SG,SF,Flx","4144320"
"*042n8*","117","Prince, Taurean","LAL","SF,PF,Flx","4516000"
"*0012k*","1509","Prince, Tayshaun","","SF,PF,Flx","0"
"*05qt1*","167","Pritchard, Payton","BOS","PG,SG,Flx","4037278"
"*0621z*","1510","Procida, Gabriele","","SG,Flx","0"
"*06cc9*","361","Prosper, Olivier-Maxence","DAL","PF,Flx","2733720"
"*042o2*","1511","Qi, Zhou","","PF,Flx","0"
"*044tf*","1512","Quarterman, Tim","","PG,Flx","0"
"*05qtg*","396","Queen, Trevelin","ORL","PG,SG,Flx","2019706"
"*05ujd*","349","Queta, Neemias","BOS","C,Flx","508891"
"*05qu9*","107","Quickley, Immanuel","TOR","PG,SG,Flx","4171548"
"*0015t*","1513","Quinn, Chris","","PG,SG,Flx","0"
"*0623c*","437","Quinones, Lester","GS","SG,Flx","0"
"*03llv*","1514","Rabb, Ivan","","PF,Flx","0"
"*05xo8*","1515","Rachal, Brandon","","SG,Flx","0"
"*03r8a*","1516","Radicevic, Nikola","DEN","PG,Flx","0"
"*033b7*","1517","Raduljica, Miroslav","","C,Flx","0"
"*05qtx*","1518","Ramsey, Jahmi'us","","SG,Flx","0"
"*045gs*","1519","Randle, Chasson","","PG,Flx","0"
"*03ajv*","39","Randle, Julius","NY","PF,Flx","25660800"
"*03wp0*","1520","Randolph, Levi","","SG,Flx","0"
"*0018o*","1521","Randolph, Shavlik","","PF,Flx","0"
"*04k0r*","1522","Rathan-Mayes, Xavier","","PG,Flx","0"
"*06gix*","236","Reath, Duop","POR","C,Flx","1119563"
"*05uus*","60","Reaves, Austin","LAL","PG,SG,SF,Flx","12015150"
"*055ok*","1523","Reaves, Josh","","SG,Flx","0"
"*051oq*","223","Reddish, Cam","LAL","SF,Flx","2165000"
"*0018d*","1524","Redick, JJ","","SG,Flx","0"
"*04eww*","1525","Reed, Davon","","SG,Flx","1902133"
"*05qst*","190","Reed, Paul","PHI","PF,C,Flx","7723000"
"*02x6i*","1526","Reed, Willie","","PF,C,Flx","0"
"*0664x*","1527","Reeves, A.J.","","PG,SG,Flx","0"
"*0527h*","89","Reid, Naz","MIN","PF,C,Flx","12950400"
"*05xkz*","1528","Renfro, Nate","","SF,Flx","0"
"*04xl8*","1529","Reynolds, Cameron","HOU","SG,SF,Flx","0"
"*063d0*","474","Rhoden, Jared","DET","SG,Flx","0"
"*00501*","1530","Rice, Darius","","SF,PF,Flx","0"
"*06cem*","1531","Rice, Sir'Jabari","","SG,Flx","0"
"*05qtd*","201","Richards, Nick","CHA","C,Flx","5000000"
"*01uzt*","1532","Richards, Ryan","","PF,C,Flx","0"
"*0051o*","1533","Richardson, Anthony","","SF,PF,Flx","0"
"*03r7u*","204","Richardson, Josh","MIA","PG,SG,Flx","2891467"
"*042nh*","1534","Richardson, Malachi","","SG,Flx","0"
"*05qtp*","1535","Riller, Grant","","PG,Flx","0"
"*02nfa*","1536","Rivers, Austin","","SG,Flx","2905851"
"*06hil*","1537","Robbins, Liam","","SF,PF,Flx","0"
"*031md*","1538","Roberson, Andre","BKN","SG,SF,Flx","0"
"*01ng3*","1539","Roberts, Lawrence","","SF,PF,Flx","0"
"*06hrv*","1540","Roberts, Nate","","C,Flx","0"
"*04hop*","1541","Robinson, Devin","","SG,SF,Flx","0"
"*04s00*","104","Robinson, Duncan","MIA","SG,SF,Flx","18154000"
"*015xx*","1542","Robinson, Frank","","PG,SG,Flx","0"
"*03aqc*","1543","Robinson, Glenn","","SG,SF,Flx","0"
"*04qrq*","489","Robinson, Jerome","GS","SG,Flx","3737520"
"*056ap*","1544","Robinson, Justin","","PG,Flx","0"
"*04qsd*","217","Robinson, Mitchell","NY","C,Flx","15681818"
"*0017t*","1545","Robinson, Nate","NO","PG,SG,Flx","0"
"*0622z*","336","Robinson, Orlando","MIA","C,Flx","1801769"
"*02nf5*","1546","Robinson, Thomas","","PF,C,Flx","0"
"*05uj6*","364","Robinson-Earl, Jeremiah","NO","PF,C,Flx","1900000"
"*051pp*","1547","Roby, Isaiah","","PF,Flx","2066585"
"*0621m*","210","Roddy, David","MEM","SF,PF,Flx","2718240"
"*01nal*","1548","Rodgers, Leon","","SF,PF,Flx","0"
"*01uzp*","1549","Rolle, Magnum","","PF,C,Flx","0"
"*06227*","397","Rollins, Ryan","","PG,Flx","1719864"
"*00107*","1550","Rondo, Rajon","","PG,Flx","0"
"*005ka*","320","Rose, Derrick","MEM","PG,Flx","3196448"
"*02nf8*","1551","Ross, Terrence","","SG,Flx","11500000"
"*03nwl*","81","Rozier, Terry","CHA","PG,SG,Flx","23205221"
"*01enw*","1552","Rubio, Ricky","CLE","PG,Flx","6146342"
"*06cd2*","415","Rupert, Rayan","POR","SG,Flx","1119563"
"*005kl*","1553","Rush, Brandon","POR","SG,SF,Flx","0"
"*03ad4*","56","Russell, D'Angelo","LAL","PG,SG,Flx","17307693"
"*05xco*","337","Ryan, Matt","NO","SF,Flx","1637966"
"*042n7*","37","Sabonis, Domantas","SAC","PF,C,Flx","28000000"
"*051oz*","393","Samanic, Luka","UTA","PF,Flx","0"
"*04xm0*","1554","Sampson, Brandon","","PG,Flx","0"
"*03ku5*","1555","Sampson, JaKarr","","SF,Flx","0"
"*0666c*","462","Samuels, Jermaine","HOU","SF,PF,Flx","559780"
"*03knf*","1556","Sanchez, Orlando","","PF,Flx","0"
"*01uyo*","1557","Sanders, Larry","","PF,C,Flx","0"
"*06cek*","487","Sanogo, Adama","CHI","PF,C,Flx","0"
"*04qsl*","1558","Sanon, Issuf","WAS","PG,Flx","0"
"*0622i*","464","Santos, Gui","GS","SF,PF,Flx","0"
"*03acy*","127","Saric, Dario","GS","PF,C,Flx","2709849"
"*05yab*","425","Sarr, Olivier","OKC","C,Flx","508891"
"*06ccg*","230","Sasser, Marcus","DET","PG,Flx","2624040"
"*02nfw*","1559","Satoransky, Tomas","","SG,Flx","0"
"*00104*","1560","Scalabrine, Brian","","PF,C,Flx","0"
"*05x7g*","1561","Schakel, Jordan","","SF,Flx","0"
"*051pm*","468","Schofield, Admiral","ORL","PF,Flx","0"
"*031m4*","76","Schroder, Dennis","TOR","PG,Flx","12405000"
"*02ng7*","1562","Scott, Mike","","PF,Flx","0"
"*059xh*","1563","Scott, Mike","","PG,Flx","0"
"*03wou*","1564","Scott, Shannon","","SG,Flx","0"
"*05r0c*","1565","Scott, Tre","","PF,Flx","0"
"*05qsy*","1566","Scrubb, Jay","","SG,Flx","0"
"*0623k*","451","Seabron, Dereon","NO","SG,Flx","0"
"*00110*","1567","Sefolosha, Thabo","","SG,SF,PF,Flx","0"
"*04sy3*","1568","Seibutis, Renaldas","LAC","PG,SG,Flx","0"
"*03byj*","1569","Selden Jr., Wayne","","SG,Flx","0"
"*05uiq*","26","Sengun, Alperen","HOU","C,Flx","3536280"
"*06cbz*","488","Sensabaugh, Brice","UTA","SF,Flx","2448600"
"*0016a*","1570","Sessions, Ramon","","PG,SG,Flx","0"
"*05qyy*","1571","Sestina, Nate","","SF,Flx","0"
"*04qrm*","100","Sexton, Collin","UTA","PG,SG,Flx","17325000"
"*0663t*","1572","Shackelford, Jaden","","PG,SG,Flx","0"
"*04qs3*","288","Shamet, Landry","WAS","PG,SG,Flx","10250000"
"*05uj3*","184","Sharpe, Day'Ron","BKN","C,Flx","2210040"
"*06216*","123","Sharpe, Shaedon","POR","SG,SF,Flx","6313800"
"*051py*","1573","Shayok, Marial","","SG,SF,Flx","0"
"*02ngi*","1574","Shengelia, Tornike","","SF,PF,Flx","0"
"*06caa*","384","Sheppard, Ben","IND","SG,Flx","2537160"
"*059g5*","1575","Shittu, Simi","","PF,C,Flx","0"
"*05xp4*","1576","Shuler, Devontae","","PG,Flx","0"
"*027p1*","1577","Shumpert, Iman","BKN","SG,SF,Flx","0"
"*042nm*","55","Siakam, Pascal","IND","PF,C,Flx","37893408"
"*03wox*","1578","Sibert, Jordan","","SG,Flx","0"
"*02gxk*","1579","Silas, Xavier","","SG,Flx","0"
"*052c5*","1580","Silva, Chris","","PF,Flx","2165000"
"*04415*","1581","Simanic, Borisa","","PF,Flx","0"
"*03lg1*","350","Simmons, Ben","BKN","PG,SG,PF,Flx","37893408"
"*03se0*","1582","Simmons, Jonathon","","SG,SF,Flx","0"
"*04is8*","1583","Simmons, Kobi","","PG,Flx","2066585"
"*05uw9*","1584","Simms, Aamir","","PF,Flx","0"
"*03lgl*","1585","Simon, Justin","","SG,Flx","0"
"*05qsm*","1586","Simonovic, Marko","","C,Flx","1563518"
"*04qs1*","214","Simons, Anfernee","POR","PG,SG,Flx","24107143"
"*05qtz*","1587","Simpson, Zavier","","PG,Flx","1801769"
"*0392b*","1588","Sims, DeShawn","","SF,Flx","0"
"*064s6*","1589","Sims, Jaylen","","PG,SG,Flx","0"
"*05ujw*","431","Sims, Jericho","NY","C,Flx","1927896"
"*027pi*","1590","Singler, Kyle","","SG,SF,Flx","0"
"*00qra*","1591","Singleton, James","","PF,Flx","0"
"*051ph*","1592","Sirvydis, Deividas","","SG,Flx","0"
"*06iei*","525","Skapintsev, Dmytro","","C,Flx","0"
"*049s8*","1593","Slavica, Nik","","SF,Flx","0"
"*06cdk*","484","Slawson, Jalen","SAC","SF,Flx","0"
"*051pj*","1594","Smailagic, Alen","","PF,Flx","0"
"*05wqq*","526","Smart, Javonte","","PG,Flx","0"
"*03al1*","192","Smart, Marcus","MEM","PG,Flx","18583713"
"*05uuk*","1595","Smith, Chris","","PG,SG,PF,Flx","0"
"*049s5*","240","Smith, Dennis","BKN","PG,Flx","2528233"
"*05wqo*","383","Smith, Dru","MIA","SG,Flx","0"
"*0201u*","300","Smith, Ish","CHA","PG,Flx","4725000"
"*0012a*","1596","Smith, JR","","SG,SF,Flx","0"
"*06212*","83","Smith, Jabari","HOU","PF,C,Flx","9326520"
"*05qty*","243","Smith, Jalen","IND","PF,C,Flx","5043773"
"*0018s*","1597","Smith, Jason","","PF,C,Flx","0"
"*000zq*","1598","Smith, Josh","","SF,PF,Flx","0"
"*06hsl*","1599","Smith, Malachi","","SG,Flx","0"
"*06ccb*","313","Smith, Nick","CHA","SG,Flx","2463960"
"*03lgj*","1600","Smith, Ray","","SF,Flx","0"
"*04xbb*","1601","Smith, Scoochie","","SG,Flx","0"
"*06cet*","1602","Smith, Terquavion","PHI","PG,Flx","0"
"*04qrt*","1603","Smith, Zhaire","","SG,Flx","0"
"*05qvt*","1604","Sneed, Xavier","","SF,Flx","0"
"*031m7*","1605","Snell, Tony","","SG,Flx","0"
"*06218*","98","Sochan, Jeremy","SA","PG,PF,Flx","5316960"
"*03kub*","1606","Solomon, Richard","OKC","PF,Flx","0"
"*0389e*","1607","Southerland, James","","SF,Flx","0"
"*0622d*","1608","Spagnolo, Matteo","","SG,Flx","0"
"*04qsw*","1609","Spalding, Ray","","PF,Flx","0"
"*005ld*","1610","Speights, Marreese","","PF,C,Flx","0"
"*04qs7*","1611","Spellman, Omari","","PF,C,Flx","0"
"*0633h*","1612","Spencer, Pat","","PG,SG,Flx","0"
"*05uj2*","332","Springer, Jaden","PHI","PG,Flx","2226240"
"*05qt8*","1613","Stanley, Cassius","","SG,Flx","0"
"*04xhv*","1614","Stark, Jonathan","","PG,Flx","0"
"*03e6l*","1615","Stauskas, Nik","IND","SG,Flx","0"
"*03c0b*","1616","Stephens, D.J.","","SF,Flx","0"
"*06hso*","1617","Stephens, Jake","","C,Flx","0"
"*01uza*","1618","Stephenson, Lance","","SF,Flx","0"
"*05qsj*","395","Stevens, Lamar","BOS","PF,Flx","1782621"
"*05xcn*","1619","Steward, DJ","","SG,Flx","0"
"*05wvy*","1620","Stewart, D.J.","","PG,SG,Flx","0"
"*04xge*","1621","Stewart, Elijah","","SG,Flx","0"
"*05qub*","171","Stewart, Isaiah","DET","PF,C,Flx","5266713"
"*03ku8*","1622","Stockton, David","","PG,Flx","0"
"*03e71*","1623","Stokes, Jarnell","","PF,Flx","0"
"*03llt*","1624","Stone, Diamond","","C,Flx","0"
"*02h2k*","1625","Stone, Julyan","","SG,SF,Flx","0"
"*06ca3*","276","Strawther, Julian","DEN","SG,SF,Flx","2431080"
"*0558t*","41","Strus, Max","CLE","SG,SF,PF,Flx","14487684"
"*0012s*","1626","Stuckey, Rodney","","PG,SG,Flx","0"
"*05uif*","66","Suggs, Jalen","ORL","PG,SG,Flx","7252080"
"*03za1*","1627","Suggs, Scott","TOR","SG,Flx","0"
"*0480c*","1628","Sulaimon, Rasheed","","SG,Flx","0"
"*02nfl*","1629","Sullinger, Jared","","PF,C,Flx","0"
"*04exf*","1630","Sumner, Edmond","","SG,Flx","0"
"*004zj*","1631","Sura, Bob","","PG,SG,Flx","0"
"*05qvh*","1632","Sutton, Dwayne","","SF,PF,Flx","0"
"*04ewq*","1633","Swanigan, Caleb","","PF,C,Flx","0"
"*0623n*","444","Swider, Cole","MIA","SF,Flx","508891"
"*05ya8*","1634","Sword, Craig","","SG,Flx","0"
"*03wqx*","1635","Sykes, Keifer","","PG,SG,Flx","0"
"*05x7f*","1636","Tarke, Anthony","","SG,Flx","0"
"*05qve*","247","Tate, Jae'Sean","HOU","SG,SF,Flx","6500000"
"*03xmv*","12","Tatum, Jayson","BOS","SF,PF,Flx","32600060"
"*03e77*","1637","Tavares, Edy","","C,Flx","0"
"*059ws*","1638","Taylor, BJ","","PG,Flx","0"
"*00515*","1639","Taylor, Donell","","PG,SG,Flx","0"
"*048yg*","1640","Taylor, Isaiah","","PG,Flx","0"
"*01eni*","1641","Taylor, Jermaine","","SG,Flx","0"
"*05qzj*","1642","Taylor, Marlon","","SG,Flx","0"
"*05uuj*","430","Taylor, Terry","CHI","PF,Flx","2019706"
"*01en2*","1643","Teague, Jeff","","PG,Flx","0"
"*05uux*","1644","Teague, MaCio","","SG,Flx","0"
"*02nft*","1645","Teague, Marquis","","PG,Flx","0"
"*02oe8*","1646","Teletovic, Mirza","","SF,PF,Flx","0"
"*01ng2*","447","Temple, Garrett","TOR","SG,Flx","5155500"
"*03yxu*","1647","Teodosic, Milos","","PG,SG,Flx","0"
"*04xhw*","1648","Terrell, Jared","","PG,Flx","0"
"*0621h*","347","Terry, Dalen","CHI","SG,Flx","3350760"
"*04xk5*","1649","Terry, Emanuel","","SF,PF,Flx","0"
"*0011q*","1650","Terry, Jason","","PG,SG,Flx","0"
"*05qth*","1651","Terry, Tyrell","","PG,Flx","0"
"*05qzo*","1652","Teske, Jon","","C,Flx","0"
"*01enp*","1653","Thabeet, Hasheem","","C,Flx","0"
"*04hoo*","257","Theis, Daniel","LAC","C,Flx","9108386"
"*0393m*","1654","Thomas, Adonis","","SF,PF,Flx","0"
"*05qyv*","1655","Thomas, Brodric","","SG,Flx","2019706"
"*05uj1*","177","Thomas, Cameron","BKN","SG,SF,Flx","2240160"
"*027q9*","1656","Thomas, Isaiah","","PG,Flx","0"
"*04qsf*","1657","Thomas, Khyri","","SG,Flx","0"
"*02gxo*","1658","Thomas, Lance","","SG,SF,Flx","0"
"*02gxq*","1659","Thomas, Malcolm","","SF,PF,Flx","0"
"*052q1*","1660","Thomas, Matt","","SG,Flx","0"
"*06ca8*","301","Thompson, Amen","HOU","SF,Flx","8809320"
"*06ccf*","105","Thompson, Ausar","DET","SF,Flx","7977480"
"*05wkc*","1661","Thompson, Ethan","","SG,Flx","0"
"*02vop*","1662","Thompson, Hollis","","SG,SF,Flx","0"
"*027ou*","73","Thompson, Klay","GS","SG,SF,Flx","43219440"
"*023te*","1663","Thompson, Ryan","","SG,Flx","0"
"*027om*","297","Thompson, Tristan","CLE","PF,Flx","2019706"
"*05ujb*","311","Thor, JT","CHA","PF,Flx","1836096"
"*01eo3*","1664","Thornton, Marcus","","SG,SF,Flx","0"
"*04exb*","1665","Thornwell, Sindarius","ORL","SG,Flx","0"
"*03zl0*","1666","Threatt, Jarvis","","PG,Flx","0"
"*051p0*","143","Thybulle, Matisse","POR","SG,SF,Flx","10500000"
"*05qwu*","1667","Tillie, Killian","","C,Flx","1901625"
"*05ya9*","1668","Tillman, Justin","","SF,Flx","0"
"*05qtf*","197","Tillman, Xavier","MEM","PF,C,Flx","1930681"
"*05xnb*","1669","Tilmon, Jeremiah","","C,Flx","0"
"*06cf3*","1670","Timme, Drew","","PF,Flx","1119563"
"*05qze*","1671","Tinkle, Tres","","SF,Flx","0"
"*0013t*","1672","Tinsley, Jamaal","","PG,Flx","0"
"*02gxj*","1673","Tisdale, Mike","","C,Flx","0"
"*044te*","1674","Tobey, Mike","CHA","C,Flx","0"
"*05uj5*","1675","Todd, Isaiah","","PF,Flx","1836096"
"*03l5d*","1676","Togashi, Yuki","","PG,Flx","0"
"*03r8b*","1677","Tokoto, J.P.","","SF,Flx","0"
"*004zh*","1678","Tolliver, Anthony","","PF,Flx","0"
"*06hn1*","1679","Toney, Au'Diese","","PG,SG,Flx","0"
"*05qz0*","1680","Toolson, Jake","","SG,Flx","0"
"*06cep*","504","Toppin, Jacob","NY","SF,Flx","1119563"
"*05qsx*","137","Toppin, Obi","IND","PF,Flx","6803012"
"*059q7*","452","Toscano-Anderson, Juan","SAC","SF,Flx","1902133"
"*03se3*","1681","Toupane, Axel","","SG,Flx","0"
"*03ad3*","34","Towns, Karl-Anthony","MIN","PF,C,Flx","36016200"
"*0622j*","1682","Travers, Luke","","SG,Flx","0"
"*06hpn*","1683","Travis, Reid","","PF,Flx","0"
"*04qse*","169","Trent, Gary","TOR","SG,Flx","18560000"
"*03wo8*","1684","Trice II, Travis","","SG,Flx","0"
"*03lgk*","1685","Trier, Allonzo","","SG,Flx","0"
"*04l9b*","1686","Trimble, Melo","","PG,Flx","0"
"*05qye*","1687","Tripp, Jahlil","","SF,PF,Flx","0"
"*06cef*","448","Tshiebwe, Oscar","IND","PF,Flx","0"
"*06ceu*","1688","Tubelis, Azuolas","","PF,Flx","0"
"*02q81*","379","Tucker, P.J.","LAC","SF,Flx","11014500"
"*059qe*","1689","Tucker, Rayjon","MIL","SG,Flx","0"
"*06hru*","1690","Turell, Ryan","","SF,PF,Flx","0"
"*01uyb*","1691","Turner, Evan","","SG,SF,Flx","0"
"*03ad2*","50","Turner, Myles","IND","C,Flx","20975000"
"*05qxt*","1692","Tyree, Breein","","PG,SG,Flx","0"
"*06ccx*","496","Tyson, Hunter","DEN","PF,Flx","1119563"
"*01uyi*","1693","Udoh, Ekpe","","PF,C,Flx","0"
"*0019v*","1694","Udrih, Beno","","PG,Flx","0"
"*042nu*","1695","Ulis, Tyler","","PG,Flx","0"
"*065ve*","367","Umude, Stanley","DET","PG,SG,Flx","1801769"
"*03wkm*","1696","Upshaw, Robert","","C,Flx","0"
"*04576*","1697","Uthoff, Jarrod","","SF,PF,Flx","0"
"*027oo*","61","Valanciunas, Jonas","NO","C,Flx","15435000"
"*042na*","1698","Valentine, Denzel","","SG,Flx","1939350"
"*06hi8*","1699","Valerio-Bodon, Vincent","","SF,PF,Flx","0"
"*04848*","11","VanVleet, Fred","HOU","PG,Flx","40806300"
"*04qsi*","316","Vanderbilt, Jarred","LAL","PF,Flx","4320000"
"*0011g*","1700","Varejao, Anderson","","PF,C,Flx","0"
"*01uym*","1701","Vasquez, Greivis","","PG,SG,Flx","0"
"*05qtr*","86","Vassell, Devin","SA","SG,SF,Flx","5887899"
"*064s5*","1702","Vaudrin, Chandler","","PG,SG,Flx","0"
"*03r7f*","1703","Vaughn, Rashad","","SG,SF,Flx","0"
"*04exk*","283","Vezenkov, Aleksandar","SAC","PF,Flx","6341464"
"*05rzi*","1704","Vildoza, Luca","","PG,Flx","0"
"*05g3q*","417","Vincent, Gabe","LAL","PG,SG,Flx","10500000"
"*0017g*","1705","Vinicius, Marcus","","SF,PF,Flx","0"
"*05r0e*","1706","Vital, Christian","","SG,Flx","0"
"*03apw*","1707","Vonleh, Noah","","PF,C,Flx","2463490"
"*0015y*","1708","Voskuhl, Jake","","C,Flx","0"
"*027p0*","47","Vucevic, Nikola","CHI","C,Flx","18518519"
"*0014t*","1709","Vujacic, Sasha","","SG,Flx","0"
"*06ccu*","1710","Vukcevic, Tristan","","C,Flx","0"
"*0529c*","220","Wade, Dean","CLE","PF,Flx","5709877"
"*05uii*","71","Wagner, Franz","ORL","SG,SF,Flx","5508720"
"*04qs2*","185","Wagner, Moritz","ORL","C,Flx","8000000"
"*05uue*","439","Wainright, Ishmail","","SF,Flx","1927896"
"*02nf4*","1711","Waiters, Dion","","SG,SF,Flx","0"
"*03wp1*","1712","Walden, Corey","","PG,Flx","0"
"*0622k*","206","Walker, Jabari","POR","SF,PF,Flx","1719864"
"*06cab*","359","Walker, Jarace","IND","PF,Flx","6059520"
"*06fk6*","1713","Walker, Jordan","","PG,SG,Flx","0"
"*027os*","1714","Walker, Kemba","","PG,Flx","9165471"
"*04qrv*","260","Walker, Lonnie","BKN","SG,SF,Flx","2346614"
"*05uwr*","1715","Walker, M.J.","","SG,Flx","0"
"*01sc8*","1716","Wall, John","","PG,Flx","6479000"
"*06cac*","187","Wallace, Cason","OKC","SG,SF,Flx","5291400"
"*065b8*","1717","Wallace, Keaton","","PG,SG,Flx","0"
"*042oj*","1718","Wallace, Tyrone","","PG,SG,Flx","0"
"*06cd1*","510","Walsh, Jordan","BOS","SF,Flx","1119563"
"*04jw8*","1719","Walton, Derrick","DET","PG,Flx","0"
"*0014s*","1720","Walton, Luke","","SF,Flx","0"
"*02gxr*","1721","Wanamaker, Brad","","PG,Flx","0"
"*048tg*","1722","Warney, Jameel","DAL","SF,Flx","0"
"*03bxn*","1723","Warren, T.J.","","SF,Flx","2628597"
"*03wl1*","1724","Washburn, Jason","","C,Flx","0"
"*03xmk*","1725","Washburn, Julian","","SF,Flx","0"
"*05uuh*","1726","Washington, Duane","NY","SG,Flx","508891"
"*023z6*","1727","Washington, Michael","","PF,C,Flx","0"
"*051os*","125","Washington, P.J.","CHA","PF,C,Flx","16847826"
"*0621s*","492","Washington, TyTy","MIL","PG,Flx","559780"
"*04xhy*","330","Watanabe, Yuta","PHO","SF,PF,Flx","2346614"
"*05yoh*","400","Waters, Lindy","OKC","SG,Flx","559780"
"*051pv*","1728","Waters, Tremont","","PG,Flx","0"
"*05uuv*","284","Watford, Trendon","BKN","PF,C,Flx","2019706"
"*05xoa*","1729","Watson, Ibi","","SG,Flx","0"
"*04xlm*","1730","Watson, Paul","","SG,SF,Flx","0"
"*0621t*","209","Watson, Peyton","DEN","SF,Flx","2303520"
"*02pxd*","1731","Wayns, Maalik","","PG,SG,Flx","0"
"*03kt9*","1732","Wear, David","SAC","PF,Flx","0"
"*03k51*","1733","Wear, Travis","","PF,Flx","0"
"*051pt*","1734","Weatherspoon, Quinndary","","SG,Flx","0"
"*0484j*","1735","Webb III, James","","SF,Flx","0"
"*03xlt*","1736","Weber, Briante","","PG,Flx","0"
"*03wov*","1737","Webster, Corey","","PG,Flx","0"
"*0019d*","1738","Webster, Martell","","SG,SF,Flx","0"
"*05xnf*","1739","Weems, Romeo","","SF,Flx","0"
"*04qsy*","1740","Welsh, Thomas","","C,Flx","0"
"*06cch*","13","Wembanyama, Victor","SA","PF,C,Flx","12160680"
"*0621o*","378","Wesley, Blake","SA","SG,Flx","2504640"
"*03zl1*","1741","Wesley, Byron","","SG,Flx","0"
"*05qzn*","1742","Wesson, Kaleb","","PF,C,Flx","0"
"*03926*","1743","Westbrook, Charlie","","SG,Flx","0"
"*005kc*","70","Westbrook, Russell","LAC","PG,Flx","3835738"
"*064s7*","1744","Whaley, Isaiah","","SF,PF,Flx","0"
"*04l1t*","1745","White, Andrew","","SF,Flx","0"
"*051on*","33","White, Coby","CHI","PG,SG,Flx","11111111"
"*04ewt*","21","White, Derrick","BOS","PG,SG,Flx","17607143"
"*06305*","1746","White, Fabian","","SF,PF,Flx","0"
"*062sr*","1747","White, Jack","","SF,Flx","1801769"
"*00525*","1748","White, James","","SG,SF,Flx","0"
"*043vx*","1749","White, Okaro","","SF,PF,Flx","0"
"*06ccc*","482","Whitehead, Dariq","BKN","SF,Flx","2966040"
"*042o1*","1750","Whitehead, Isaiah","","PG,SG,Flx","0"
"*01uz4*","1751","Whiteside, Hassan","","C,Flx","0"
"*06ca7*","324","Whitmore, Cam","HOU","SF,Flx","3218160"
"*05qyt*","1752","Whitney, Kahlil","","SF,Flx","0"
"*05qvy*","1753","Whittington, Greg","","SF,PF,Flx","0"
"*05ujf*","1754","Wieskamp, Joe","","SF,Flx","2019706"
"*05ujt*","281","Wiggins, Aaron","OKC","SG,SF,Flx","1836096"
"*02ym0*","202","Wiggins, Andrew","GS","SF,PF,Flx","24330357"
"*03wm6*","1755","Wiggins, Nick","","SG,Flx","0"
"*0590m*","508","Wigginton, Lindell","","PG,Flx","0"
"*03sir*","1756","Wilbekin, Scottie","","PG,Flx","0"
"*03e6v*","1757","Wilcox, CJ","","SG,Flx","0"
"*04iy9*","1758","Wiley, Jacob","","PG,Flx","0"
"*02wyj*","1759","Wilkerson, Tyler","","SF,PF,Flx","0"
"*03z95*","1760","Williams, Alan","","PF,C,Flx","0"
"*0623h*","1761","Williams, Alondes","","SG,Flx","508891"
"*05y9y*","449","Williams, Brandon","DAL","PG,Flx","1801769"
"*0666j*","1762","Williams, Bryson","","SF,PF,Flx","0"
"*048th*","1763","Williams, C.J.","","SG,Flx","0"
"*001bk*","1764","Williams, Deron","","PG,Flx","0"
"*027ol*","1765","Williams, Derrick","LAL","SF,PF,Flx","0"
"*0051v*","1766","Williams, Donell","","PG,SG,Flx","0"
"*06668*","1767","Williams, Donovan","","SG,Flx","0"
"*051p2*","160","Williams, Grant","DAL","PF,Flx","12405000"
"*0621b*","54","Williams, Jalen","OKC","SG,SF,PF,Flx","4558680"
"*0621x*","279","Williams, Jaylin","OKC","PF,C,Flx","2000000"
"*0664y*","458","Williams, Jeenathan","HOU","SG,Flx","1801769"
"*04xgk*","1768","Williams, Johnathan","","PF,Flx","0"
"*06hqr*","1769","Williams, KJ","","PF,Flx","0"
"*04t8w*","278","Williams, Kenrich","OKC","PF,Flx","6175000"
"*0018n*","1770","Williams, Lou","","SG,Flx","0"
"*00172*","1771","Williams, Marcus","","PG,Flx","0"
"*0621e*","249","Williams, Mark","CHA","C,Flx","3908160"
"*000zr*","1772","Williams, Marvin","","SF,PF,Flx","0"
"*05qsl*","110","Williams, Patrick","CHI","PF,Flx","9835881"
"*04qs4*","377","Williams, Robert","POR","PF,C,Flx","11571429"
"*04jw3*","1773","Williams, T.J.","","SG,Flx","0"
"*065px*","1774","Williams, Trevion","","SF,PF,C,Flx","0"
"*045qi*","1775","Williams, Troy","","SG,SF,Flx","0"
"*0622a*","179","Williams, Vince","MEM","SG,SF,Flx","2286085"
"*05uik*","205","Williams, Ziaire","MEM","SF,Flx","4810200"
"*04exi*","1776","Williams-Goss, Nigel","","PG,Flx","0"
"*065b9*","1777","Williamson, Lucas","","PG,SG,Flx","0"
"*051oh*","109","Williamson, Zion","NO","PF,Flx","34005250"
"*06hre*","1778","Wills, Bryce","","SG,Flx","0"
"*04ewi*","1779","Wilson, D.J.","","PF,Flx","2133278"
"*06cdc*","407","Wilson, Jalen","BKN","PF,Flx","0"
"*03kta*","1780","Wilson, Jamil","","PF,Flx","0"
"*048yh*","1781","Wiltjer, Kyle","","PF,Flx","0"
"*051p6*","486","Windler, Dylan","LAL","SF,Flx","4037278"
"*03nwi*","1782","Winslow, Justise","","SF,Flx","4097561"
"*05qua*","1783","Winston, Cassius","WAS","PG,Flx","0"
"*02h00*","1784","Wise, Jeremy","","PG,Flx","0"
"*05qu1*","294","Wiseman, James","DET","C,Flx","12119440"
"*059qd*","1785","Withers, Todd","","PF,Flx","0"
"*02wyk*","1786","Witherspoon, Wesley","","SG,SF,Flx","0"
"*031mp*","1787","Withey, Jeff","","C,Flx","0"
"*031mo*","1788","Wolters, Nate","","PG,Flx","0"
"*06cd5*","1789","Wong, Isaiah","IND","SG,Flx","0"
"*03nwq*","208","Wood, Christian","LAL","PF,C,Flx","2709849"
"*048yk*","1790","Wood, Scott","","SF,Flx","0"
"*05qtw*","1791","Woodard, Robert","","SG,SF,Flx","0"
"*0055b*","1792","Woods, Loren","","C,Flx","0"
"*059cn*","1793","Wooten, Kenny","","PF,Flx","0"
"*0019q*","1794","World Peace, Metta","","SF,PF,Flx","0"
"*00137*","1795","Wright, Brandan","","PF,C,Flx","0"
"*02gun*","1796","Wright, Chris","","SF,PF,Flx","0"
"*03r7h*","290","Wright, Delon","WAS","PG,SG,Flx","8195122"
"*0015q*","1797","Wright, Dorell","","SG,SF,Flx","0"
"*0440y*","1798","Wright, Joel","","SF,Flx","0"
"*05uuw*","1799","Wright, McKinley","","PG,Flx","0"
"*05wqi*","1800","Wright, Moses","","PF,Flx","0"
"*051px*","1801","Wright-Foreman, Justin","","PG,Flx","0"
"*02nfp*","1802","Wroten, Tony","","PG,SG,Flx","0"
"*0393j*","1803","Wyatt, Khalif","","PG,Flx","0"
"*03xmt*","1804","Yabusele, Guerschon","","SF,PF,Flx","0"
"*04xk6*","1805","Yanyuhang, Ding","","SF,Flx","0"
"*04w4j*","1806","York, Gabe","","SG,Flx","0"
"*03aq0*","1807","Young, James","","SG,Flx","0"
"*03r7x*","1808","Young, Joe","","PG,SG,Flx","0"
"*001c3*","1809","Young, Nick","","SG,SF,Flx","0"
"*03g45*","1810","Young, Patric","","PF,Flx","0"
"*0018r*","369","Young, Thaddeus","TOR","PF,C,Flx","8000000"
"*04qrk*","15","Young, Trae","ATL","PG,Flx","40064220"
"*0053v*","1811","Yue, Sun","","SF,PF,Flx","0"
"*05qu8*","326","Yurtseven, Omer","UTA","C,Flx","2800000"
"*042nv*","1812","Zagorac, Rade","","SF,Flx","0"
"*03kua*","1813","Zanna, Talib","","PF,Flx","0"
"*05ujn*","1814","Zegarowski, Marcus","","PG,SG,Flx","0"
"*04817*","1815","Zeisloft, Nick","","PG,Flx","0"
"*031lr*","344","Zeller, Cody","NO","C,Flx","3196448"
"*02nfh*","1816","Zeller, Tyler","","PF,C,Flx","0"
"*042og*","1817","Zhelin, Wang","","C,Flx","0"
"*042o0*","1818","Zimmerman Jr., Stephen","","PF,C,Flx","0"
"*042o7*","1819","Zipser, Paul","","SF,PF,Flx","0"
"*04412*","1820","Zirbes, Maik","","C,Flx","0"
"*042ni*","1821","Zizic, Ante","","C,Flx","0"
"*042nt*","148","Zubac, Ivica","LAC","C,Flx","10933333"
"*04lcm*","1822","de Paula, George","","PG,Flx","0"